SampleID,mMed,uMed,xMed,yMed,predictedSexQC,BMIQ
GSM1235890,7.77282292546712,7.30595457825052,9.31033451809751,5.72794393071827,F,PASS
GSM1235896,10.0709921861519,9.69929785700691,11.6991311055852,7.48682708118315,F,PASS
GSM1235995,8.95537143446607,8.46026501877274,10.4052544704622,6.26700000850597,F,PASS
GSM1235996,7.76260945003181,7.31652781508942,9.33703873720351,5.7833875398603,F,PASS
GSM1236059,8.61258685826182,8.26055888631955,10.2522178418785,6.22915935248313,F,PASS
GSM1236071,8.72202664798626,8.33423806752953,10.1879752171472,8.86810440025832,M,PASS
GSM1236178,9.80604376468019,9.5157089024222,11.5027438553652,7.39400064666586,F,PASS
GSM1236184,9.71856891590476,9.37182247597324,11.3625433922517,7.16047197396136,F,PASS
GSM1236191,8.50051270216114,8.06737739295161,10.0923789481097,6.17826070701055,F,PASS
GSM1236274,7.84712541630793,7.44287923496134,9.41939343224666,5.78382925055178,F,PASS
GSM1236303,9.77594811192595,9.5137692674366,11.5233935099567,7.42211702636933,F,PASS
GSM1236351,8.68163405227344,8.24812910457146,10.3108126945667,6.34355027002075,F,PASS
GSM1235948,6.83831711523022,6.4685202967236,8.40446900399577,5.29126710660222,F,FAIL
GSM1236116,7.40400136102134,7.05059739762704,9.01464822213858,5.65496861969843,F,PASS
GSM1236157,9.79738639456694,9.44801217267074,11.4541402980652,7.24039680515402,F,PASS
GSM1236223,8.61711547422786,8.32600982934384,10.2098198763887,6.23633889460971,F,PASS
GSM1236250,9.68202432410651,9.35844415963835,11.3852999123086,7.32150716461419,F,PASS
GSM1236254,7.55124570833979,7.1347168887138,9.15081881997268,5.66590416497717,F,PASS
GSM1236297,6.72098039605938,6.25489715462684,8.24137817887307,5.22619993765359,F,FAIL
GSM1236306,7.36639627996655,7.05615079491912,9.0334197358833,5.69296855324427,F,PASS
GSM1236318,6.32585590987161,6.00926318864697,7.96237074943307,5.20828724655808,F,FAIL
GSM1236321,9.67392670958441,9.45739894523796,11.4185868504312,7.31362351412336,F,PASS
GSM1236331,9.2312698727869,8.90863461633846,10.877033924088,6.77317726354603,F,PASS
GSM1236355,7.0157982279256,6.68940625054442,8.61024500471264,5.64032390723373,F,PASS
GSM1235862,8.95167831418009,8.54985200202025,10.61994517789,6.51855217746373,F,PASS
GSM1235878,9.11629509923123,8.83569850420075,10.7606511710792,6.60880908587711,F,PASS
GSM1235880,6.88107546992889,6.49090376482125,8.50023538527716,5.35816457901104,F,FAIL
GSM1235982,9.17529196334493,8.72919209268621,10.7818001005739,6.64467414287292,F,PASS
GSM1235985,8.1230939245517,7.7793898464584,9.78616971185521,6.40678125467455,F,PASS
GSM1235989,9.7751767826335,9.39722660349471,11.452477309109,7.14525729128439,F,PASS
GSM1236035,9.44756718965398,9.21831856287049,11.1595173863497,6.94634528330423,F,PASS
GSM1236102,8.94505248883258,8.65705174540841,10.6441292531344,6.60187229664129,F,PASS
GSM1236233,9.41299801514739,9.09295619688439,11.1849342059184,7.04040024083895,F,PASS
GSM1236256,6.64016014305874,6.21753904300529,8.23363258682144,5.39180044860129,F,FAIL
GSM1236259,6.75231924866119,6.28585948987215,8.34034549052916,5.37031315902716,F,FAIL
GSM1236263,9.71158469799794,9.32590445400037,11.3651698637347,7.06024205898976,F,PASS
GSM1235892,9.68213896578698,9.20359260731074,11.2826598283945,6.96895738033513,F,PASS
GSM1235898,9.65511488351378,9.35084761703342,11.4048840581389,7.12422456358418,F,PASS
GSM1235992,7.48624726949915,7.22551681778483,9.19106853995253,5.77689014911436,F,PASS
GSM1236095,7.59399338728598,7.15592026842287,9.22227181674669,5.77146453200558,F,PASS
GSM1236096,7.67620240706718,7.32340302450053,9.31855793062238,5.7605350346248,F,PASS
GSM1236099,8.14510149023254,7.63739974444869,9.61024391328724,5.78039845561626,F,PASS
GSM1236122,8.05036130270527,7.71876444209363,9.73849770336055,5.95381944319152,F,PASS
GSM1236143,8.14814682640056,7.78779905660052,9.82070460816575,6.04142929159357,F,PASS
GSM1236146,7.97056393864319,7.69804553505197,9.70296084728728,5.98753744951386,F,PASS
GSM1236198,8.3714531815687,8.02232743722056,10.0774793214027,6.1407004824592,F,PASS
GSM1236238,9.63039371460122,9.28641160392957,11.3503178523519,7.03085053447599,F,PASS
GSM1236266,9.75530572398902,9.1863317213551,11.1665776490834,6.75457125998766,F,PASS
GSM1235848,7.3850609826136,7.06735103903736,8.30475677383432,8.47693968884803,M,PASS
GSM1235888,8.87195844345312,8.54326688362259,9.78052474593307,9.93982848040952,M,PASS
GSM1236015,8.76607783359196,8.37376982383501,10.3929389507385,6.43008087162947,F,PASS
GSM1236149,7.96403489362386,7.5845463461024,9.57134860561722,5.83094929280708,F,PASS
GSM1236163,8.29264427577259,7.86152335167099,9.9236725296929,6.07662862825374,F,PASS
GSM1236210,7.069005443917,6.73788599402887,8.73346319043585,5.65385009448492,F,PASS
GSM1236217,9.72038145504168,9.12783412022864,11.1831381480471,6.83590440837795,F,PASS
GSM1236220,10.1012396335884,9.53826062228423,11.565545268539,7.11781284796193,F,PASS
GSM1236222,8.47605767811586,8.04254194824056,10.0691325517591,6.20526149340116,F,PASS
GSM1236246,9.4905142855254,9.11607307420136,11.1457789999945,6.9538946466071,F,PASS
GSM1236301,9.86419742674761,9.41054175484487,11.4654931119894,7.14381495878529,F,PASS
GSM1236316,9.37119995466049,9.0136209638589,11.3973393847155,6.90838295324067,F,PASS
GSM1235827,8.55856285754899,8.21089982659962,10.1918434218006,6.21258549850565,F,PASS
GSM1235968,8.58684725049913,8.01856209748749,9.98502583506398,5.93165469408208,F,PASS
GSM1236010,8.45700692272216,8.11548000996993,10.0579126869278,6.1773404007679,F,PASS
GSM1236076,9.44149295878478,9.12116701370235,11.0549462503304,6.84733568559419,F,PASS
GSM1236080,9.8149931164913,9.51478717968254,11.4349439288616,7.13126596319188,F,PASS
GSM1236082,9.75606785937073,9.44658582488813,11.3588953039106,7.04572831261607,F,PASS
GSM1236083,9.68173333800266,9.34097165325622,11.3204787069793,7.06341508078887,F,PASS
GSM1236241,8.13656974107166,7.59887968556429,9.58410199111909,5.78872214273549,F,PASS
GSM1236242,8.21769147791731,7.76643308546586,9.7357579736342,5.90523448625883,F,PASS
GSM1236264,8.64718785068919,8.32488326991064,10.2348667616131,6.22330116013041,F,PASS
GSM1236273,8.68994871178623,8.23301841637307,10.1691010223958,6.19729084738873,F,PASS
GSM1236299,9.94117062104936,9.57224909782623,11.5713043229746,7.22868392384387,F,PASS
GSM1235910,9.95495963678726,9.54170683602138,11.5274769618388,7.19063336750129,F,PASS
GSM1235961,9.90388065374323,9.53516652221955,11.5896475430482,7.38638344776063,F,PASS
GSM1236120,7.47747690383095,7.13122979590559,9.06114817610257,5.5564892391992,F,PASS
GSM1236132,7.26292317869317,6.88412265971802,8.91822537484219,5.54071966463705,F,PASS
GSM1236170,7.36699929899584,7.0232530880041,9.03309906382819,5.65106685077595,F,PASS
GSM1236172,7.57399738624463,7.15730231785172,9.20990663985067,5.6470920221826,F,PASS
GSM1236245,7.51659624293742,7.20974607517323,9.0779327056622,5.58910022599738,F,PASS
GSM1236255,9.66464341859119,9.31215557756954,11.3414799757242,7.05800552759639,F,PASS
GSM1236261,7.87975870932915,7.57324579265127,9.53524473062718,5.81491026998953,F,PASS
GSM1236313,8.89301009909683,8.6282303072654,9.82288890338452,10.0363281315709,M,PASS
GSM1236338,7.60589238074796,7.31317645028783,9.2443743924445,5.64504051658243,F,PASS
GSM1235863,7.2513949030622,6.94197530510628,8.93587455822216,5.6070002931946,F,PASS
GSM1235959,9.11413904811749,8.67016108926274,10.6142056406536,6.39006885587614,F,PASS
GSM1236000,8.80526258194927,8.4221391681032,10.4261477252398,6.36530346354427,F,PASS
GSM1236072,9.86173798674408,9.38790747882301,11.3995217994589,7.04960702240123,F,PASS
GSM1236089,8.65105291725551,8.22883210222758,10.2254591420206,6.25411968599037,F,PASS
GSM1236124,9.6004719184991,9.17791683767281,11.241893444181,6.98404167594322,F,PASS
GSM1236158,7.05972461046887,6.67507959370143,8.66469721552608,5.46651002744039,F,PASS
GSM1236165,9.62804541270209,9.27940081894625,11.3225588623266,7.04265243274893,F,PASS
GSM1236166,8.73093221221308,8.3108068859412,10.3314939287814,6.25021849217331,F,PASS
GSM1236236,7.59802254186293,7.10502374799025,9.09113539188253,5.52809772279863,F,PASS
GSM1236276,8.33934595291057,7.97698337757139,9.93870956379603,6.08131522340214,F,PASS
GSM1236290,9.62998175388666,9.22236171537321,11.285476379352,7.06073992454558,F,PASS
GSM1235868,9.8424556059722,9.39107307393519,11.4617857583343,7.1606448069924,F,PASS
GSM1235885,8.74937923215328,8.15299014484035,10.1412708119317,6.03388404194993,F,PASS
GSM1235952,8.87293150427662,8.38992087035694,10.4397546964389,6.35933902448871,F,PASS
GSM1235998,8.07701565570567,7.57680780267059,9.54879366938978,5.82994410138659,F,PASS
GSM1236103,8.0545695019275,7.59095391485716,9.61651611979526,6.02352774186212,F,PASS
GSM1236104,8.19023541182801,7.69406648429874,9.70986469740539,6.00974502520374,F,PASS
GSM1236105,9.55155346803241,9.07176712510019,11.1331960223466,6.91212724953289,F,PASS
GSM1236106,9.93641641994364,9.3689278571556,11.4356522617334,7.10751628281303,F,PASS
GSM1236111,9.64645636106426,9.21053289007705,11.2583558406267,6.99394786044576,F,PASS
GSM1236164,9.9255428583727,9.42382701876219,11.4780893611929,7.1746656038264,F,PASS
GSM1236183,7.85897906985514,7.54298079100414,9.55544536968809,5.94988622405301,F,PASS
GSM1236187,8.29536965248108,7.84980274158789,9.87072471128515,6.01933836154868,F,PASS
GSM1235872,6.03862501487979,5.65352510590464,7.6414659070211,5.24293013594933,F,FAIL
GSM1235912,6.3136184381115,5.91694275791433,7.85248383666586,5.26039118753552,F,FAIL
GSM1236008,6.38498569068397,5.90851679405168,7.85689788478451,5.24770731886706,F,FAIL
GSM1236037,6.11915945574431,5.74783405674642,7.74281475547204,5.23849648421916,F,FAIL
GSM1236056,6.02784656530914,5.62733006498955,7.65079838753055,5.16108506972438,F,FAIL
GSM1236077,6.07139172662204,5.73647831377505,7.68678894535506,5.16989951120969,F,FAIL
GSM1236117,6.1592485933553,5.84363559770776,7.84748016861277,5.24017313686326,F,FAIL
GSM1236194,6.04997533546042,5.64531219738968,7.59997978151494,5.35950636850616,F,PASS
GSM1236200,6.06263575081273,5.74377296801327,7.67443577771866,5.26421080301137,F,FAIL
GSM1236270,6.24334653783013,5.86046194877493,7.87686508527656,5.21206716582533,F,FAIL
GSM1236044,11.4843262104893,11.2471782482112,12.5060856503892,12.7657377640217,M,PASS
GSM1236190,11.5250031237195,11.2599565593145,12.5841115479659,12.8535384139396,M,PASS
GSM1236305,11.280746443991,11.1462294389363,12.393769544533,12.6069982008892,M,PASS
GSM1235861,11.1922411170079,10.8740516234685,12.0855014815768,12.3610637919528,M,PASS
GSM1235864,11.4176156686184,11.1340436317633,12.3357958365917,12.5733257015838,M,PASS
GSM1235954,11.2824258307192,11.0299061272367,12.208506968308,12.4372414560393,M,PASS
GSM1235960,11.372514158829,11.0373919645411,13.098709601347,8.35564480686966,F,PASS
GSM1235980,11.44738816263,11.1123725302911,12.3268641501564,12.604115731989,M,PASS
GSM1235990,11.3207561606558,10.9893476853097,12.2031569931385,12.4172142389721,M,PASS
GSM1235997,11.4168140026959,10.9809166057212,12.2584204834313,12.5473577752854,M,PASS
GSM1236108,11.3604601245337,11.0409894280437,13.0364074448234,8.36418196876033,F,PASS
GSM1236118,11.2879164040048,10.9116568115145,12.1524071771779,12.4017436962947,M,PASS
GSM1236161,11.4311520124317,11.0849573533039,12.3279323875709,12.5915442803738,M,PASS
GSM1236235,11.4083465150251,10.9741507499826,13.0416922490977,8.36938654283791,F,PASS
GSM1236326,11.3255344093399,11.0063884211979,13.0774819746185,8.28303937875469,F,PASS
GSM1235900,11.7155348760863,11.0807930535461,13.1756916290406,8.33279000704908,F,PASS
GSM1235902,11.3844163818361,10.9501189780631,12.2259875320847,12.5951455978718,M,PASS
GSM1235983,11.299943182989,11.000085331877,12.1581620559329,12.3592125412619,M,PASS
GSM1236050,11.708594647221,11.1377367589133,13.1840151155749,8.39613543742832,F,PASS
GSM1236090,11.5002406284779,11.1478380436687,12.3601603627292,12.6289393191301,M,PASS
GSM1236098,11.3246710367981,10.867772494588,12.1911270616166,12.4195252056433,M,PASS
GSM1236155,11.4554775519917,11.0583959905639,13.1492325974981,8.20706938392473,F,PASS
GSM1236182,11.5656624777486,11.0814360860963,13.1200838689209,8.36056293547409,F,PASS
GSM1236239,11.6317523305175,11.2487524567188,13.2149711851473,8.38845976977366,F,PASS
GSM1236277,11.6789158720057,11.1413594336837,13.2097390372137,8.3648423656975,F,PASS
GSM1236279,11.5783951822288,11.0309658726642,13.1275407449291,8.29241070984865,F,PASS
GSM1236327,11.4400130567586,10.9874880280179,12.273824893333,12.561304475351,M,PASS
GSM1235845,11.2033413662042,10.805318677815,12.8229788908402,8.12941387489532,F,PASS
GSM1235884,11.3549306192168,10.8099112637811,12.7988202945258,8.00342188826762,F,PASS
GSM1235889,11.4576850321756,10.9896235176835,13.057140525277,8.31055004558027,F,PASS
GSM1235931,11.4772346203399,11.0108453319397,12.2842523042125,12.5781802823379,M,PASS
GSM1235942,11.5570235274027,11.0179075873686,13.0852921887175,8.27445234958785,F,PASS
GSM1235993,11.3197596460277,10.8747966735904,12.914234255515,8.22417111363197,F,PASS
GSM1236101,11.4113704532062,10.9987013469273,12.2666870442186,12.52262003596,M,PASS
GSM1236126,11.1697621429894,10.8251155424255,12.0831838978404,12.3527601850819,M,PASS
GSM1236181,11.5866263536104,11.02548143224,12.9922461882989,8.14552430370444,F,PASS
GSM1236185,11.4212844842449,10.9604661778303,13.0059860836386,8.30667238896907,F,PASS
GSM1236188,11.3567214365779,11.0237800787869,12.290054437858,12.6013400279412,M,PASS
GSM1236288,11.5757190813151,11.0173473233167,13.0363965232912,8.26102227191354,F,PASS
GSM1235853,11.4570014004492,11.0520471344774,12.3420543506129,12.6702956396313,M,PASS
GSM1235854,11.7281566140925,11.3293112522497,12.5012731951338,12.7840560481724,M,PASS
GSM1235855,11.4769092891242,11.1207535576779,12.3982508071314,12.4901771767686,M,PASS
GSM1235856,11.5864826593784,11.2003904786761,12.4620920825717,12.7458221124892,M,PASS
GSM1235860,11.4703159800099,11.072933037224,12.4342765560985,12.7221039734722,M,PASS
GSM1235944,11.6644842262354,11.3610803063625,12.555371765676,12.8201847871915,M,PASS
GSM1235946,11.3510853490291,11.1595731879578,12.3686977346488,12.6269804452852,M,PASS
GSM1235956,11.681776435862,11.3136422462511,12.5507765161101,12.8111932834812,M,PASS
GSM1236121,11.6583201991709,11.3039837669218,12.5842626660585,12.8574374035314,M,PASS
GSM1236226,11.3992394579267,11.0321231257141,12.2081897036682,12.5119812361813,M,PASS
GSM1236229,11.6950510729305,11.1376526853646,12.3440167280082,12.6345733648678,M,PASS
GSM1236275,10.8450014818291,10.596897796141,11.7864234156052,12.0571417426734,M,PASS
GSM1235879,11.6048159174313,11.0855662622719,12.3253504672721,12.5745911617267,M,PASS
GSM1235909,11.4072322657113,10.9619231030696,12.1942728635146,12.4260319734783,M,PASS
GSM1236002,11.5366223019366,11.2312811586862,13.2044028676264,8.47489046116585,F,PASS
GSM1236011,11.5774711414315,11.1698641653861,12.4069110705789,12.7012287668007,M,PASS
GSM1236114,11.5428584161429,11.0724407677362,12.3646570054104,12.6551023216598,M,PASS
GSM1236154,11.2982916125314,10.8547451856944,12.1963921114331,12.4340640909326,M,PASS
GSM1236175,11.1746250680469,10.7957005837314,12.0641769257624,12.3696702803442,M,PASS
GSM1236176,11.5749120031828,11.1421301938785,13.1425859045962,8.2012325143471,F,PASS
GSM1236202,11.5463391061126,11.0494754057383,13.1209588526999,8.35529144127563,F,PASS
GSM1236269,11.5028019904629,11.2045876134703,13.1834814862112,8.08810590169144,F,PASS
GSM1236281,11.5557733236464,11.1044527327738,12.3203677879461,12.6110066766954,M,PASS
GSM1236307,11.670576973104,11.1620822050871,13.1740618378596,8.29066341538175,F,PASS
GSM1235865,11.446897439595,10.9266320339612,12.2221821628401,12.5451742765346,M,PASS
GSM1235877,11.1544563033627,10.9737438623797,12.0793828750237,12.2648001890492,M,PASS
GSM1235881,11.4178591300847,10.9584562230166,12.2489305371254,12.5330841878194,M,PASS
GSM1235967,11.4582234100706,11.0196542716314,12.2775055559783,12.5782043203174,M,PASS
GSM1235970,11.5183273031938,10.9783355333612,12.3301512383539,12.6291311228736,M,PASS
GSM1235971,11.6084291869341,11.0826278625671,12.3302885163419,12.628271353354,M,PASS
GSM1235972,11.5900970196541,11.1645617948691,12.3517228210198,12.6369511647064,M,PASS
GSM1236073,11.3573356553424,10.8525759370829,12.0513092971924,12.1526405492353,M,PASS
GSM1236123,11.184283858612,10.9093505952081,12.127354413713,12.2910437384658,M,PASS
GSM1236138,11.2224985222783,10.8797544732079,12.2079525848807,12.4125476647225,M,PASS
GSM1236153,11.3594799766478,10.9750257906297,12.2469298570299,12.5402346706274,M,PASS
GSM1236203,11.2862698455427,10.8640239275893,12.0579917583466,12.3502938489115,M,PASS
GSM1235841,11.8750331019097,11.3712236258207,12.5513283000913,12.795439117032,M,PASS
GSM1235867,11.5564225105828,11.1799295917666,12.3663432785951,12.6925192693097,M,PASS
GSM1235964,11.576151014724,11.1869427683785,12.4474413118342,12.7091198445504,M,PASS
GSM1235974,11.5472013782609,11.2684013179333,12.4452787368135,12.7419944898555,M,PASS
GSM1235999,11.5209118901543,11.1705983911494,13.1278671960944,8.38114528230307,F,PASS
GSM1236061,11.3416613137693,10.9308825136873,12.1757601371721,12.4485233095311,M,PASS
GSM1236078,11.2572375481561,10.9905437465437,12.112785950499,12.3702185598607,M,PASS
GSM1236081,11.3436634495382,11.0017110917289,13.0039353380824,8.31324950071197,F,PASS
GSM1236169,11.5244816890825,11.0563979288213,13.0775775741444,8.33148611934537,F,PASS
GSM1236244,11.3254893285586,11.0843820054766,12.2870854714037,12.5839851577578,M,PASS
GSM1236320,11.468916110673,11.2834741035041,12.4690663224725,12.6726619808237,M,PASS
GSM1235882,11.6989967380962,11.2821022139014,12.5701915985234,12.8676100329043,M,PASS
GSM1235945,11.7103842976083,11.3414255259743,12.6164002353891,12.8562271902364,M,PASS
GSM1235957,11.8081801621486,11.3987900976866,13.3932325174876,8.74178674542469,F,PASS
GSM1235965,11.8674413641427,11.3962125761231,12.6801247296496,12.9131784777589,M,PASS
GSM1235976,10.9134276977001,10.7651455804175,11.8628963854175,12.1401387364053,M,PASS
GSM1235981,11.7606815169488,11.4567121263679,13.3013557367396,8.78530249278572,F,PASS
GSM1235986,11.7231599118258,11.4297778540783,12.6306781052623,12.8625541231778,M,PASS
GSM1236249,11.6313391233579,11.2934463204348,13.0917933332478,8.6153064063839,F,PASS
GSM1236258,11.6284088744503,11.302143967395,13.2503181175101,8.66718747026095,F,PASS
GSM1236282,11.4645026631389,11.2255775852884,12.3716512606463,12.6505236530106,M,PASS
GSM1236334,11.6865450138641,11.4153838959704,13.3109894848537,8.7382317762624,F,PASS
GSM1235814,7.92017055487196,7.63332888929245,9.70252570146175,6.03286773907744,F,PASS
GSM1235820,7.37764320939138,7.06530459847769,9.07599737749882,5.64361439871982,F,PASS
GSM1235913,8.0517247165821,7.67099979550637,9.68041399995206,5.9153017687879,F,PASS
GSM1235918,8.44212236370808,8.14283289308259,10.1521570857357,6.29260175223104,F,PASS
GSM1235920,9.35610558129053,8.91666473344586,10.9134359339769,6.63600536275501,F,PASS
GSM1236020,7.34293352462951,6.95429858848884,8.96719835812612,5.57890226724613,F,PASS
GSM1236069,8.32173575792154,7.96409892207796,9.99271301267998,6.11751849887871,F,PASS
GSM1236125,9.1386001065295,8.85353452115443,10.888397859358,6.71946345819591,F,PASS
GSM1236257,9.16807803860728,8.76276420868072,10.8083350457646,6.66499937867045,F,PASS
GSM1236300,9.03638110653851,8.72496000771633,10.7825759394891,6.61719546987703,F,PASS
GSM1236341,7.98933460584013,7.60203573918099,9.49641498479996,5.73291869427039,F,PASS
GSM1236346,7.87708073494052,7.52416078056367,9.54851685060328,5.85712617650854,F,PASS
GSM1235835,8.56921579956643,8.24888787007519,10.2158923666372,7.01808004454861,F,PASS
GSM1235895,6.68633475762703,6.29666308992542,8.30140677026144,5.31445193614931,F,PASS
GSM1235899,8.72303279119376,8.56759289894742,9.83441355115555,10.0111897526492,M,PASS
GSM1235916,6.91104788549786,6.46461976345561,8.45849999171679,5.32414451200763,F,FAIL
GSM1236012,6.77969398624949,6.43838449208896,8.38387411444412,5.3194387975643,F,FAIL
GSM1236021,6.50141747750296,6.13216834185435,8.03434175181874,5.21769365746644,F,PASS
GSM1236088,6.56065517683925,6.23758479148153,8.20144959377865,5.24523640355864,F,PASS
GSM1236094,6.24391331407963,5.98217050979815,7.94159363409023,5.2445082700285,F,PASS
GSM1236289,7.64956729816577,7.30237190511049,9.27536288073961,5.59920848915309,F,PASS
GSM1236315,9.01390394867235,8.65606186954874,10.7380740592271,6.59628049721423,F,PASS
GSM1236333,6.76346117240137,6.42687379221137,8.36757842915424,5.23999900748411,F,FAIL
GSM1235822,6.25325341148724,5.87053860009227,7.77646577057816,5.10935756902653,F,FAIL
GSM1235825,6.42840625682847,6.01727966877954,8.01385819389693,5.18841903888428,F,FAIL
GSM1235919,7.77064177295816,7.19797068973434,9.13601843140607,5.5191699814652,F,PASS
GSM1235937,7.2539991781098,6.96316660694725,8.94595393048734,5.60690313587322,F,PASS
GSM1236024,8.50119984655553,8.16692571628345,10.1506829222474,6.15989163465225,F,PASS
GSM1236129,9.64631782843127,9.22601852676941,11.2605629841976,6.99564416062895,F,PASS
GSM1236133,9.49143119347692,9.14560734166761,11.1958623971815,6.90680829583464,F,PASS
GSM1236139,5.96278095415783,5.6717597294004,6.90416611662231,7.0603605590688,M,PASS
GSM1236159,10.0859338766119,9.68151253738402,11.7033291275145,7.31189577106754,F,PASS
GSM1236248,6.9054442844885,6.49185387926464,7.87845364731959,7.96505629902922,M,PASS
GSM1236314,7.46972793094426,7.12566058500987,9.14209706987338,5.69790813380762,F,PASS
GSM1236354,9.65167091070594,9.35748581506147,11.3363883165237,7.06865685125116,F,PASS
GSM1235844,9.43625163156083,9.0513317506585,11.1073928154396,6.87933261945944,F,PASS
GSM1235914,8.21492186621645,7.61762528318951,9.59922127965816,5.77824568309242,F,PASS
GSM1235928,7.50115314176992,7.15252703559463,9.14278527840458,5.67061269555,F,PASS
GSM1235943,6.48928055237033,6.16087108311839,8.13413899005655,5.19530885791867,F,PASS
GSM1235975,9.37144403466971,9.06690091708478,11.0663118387727,6.8095781590529,F,PASS
GSM1236034,6.24677499672182,5.90354947598565,7.89618607636909,5.22850159051146,F,FAIL
GSM1236042,9.0415633131413,8.75484756264605,10.7736138962526,6.78636415318444,F,PASS
GSM1236140,6.03777519101728,5.66867072855158,7.64670835989819,5.13763101351082,F,FAIL
GSM1236144,8.87641244069433,8.59140322801337,10.5953242043856,6.53445808717836,F,PASS
GSM1236174,9.16044018355524,8.91911494592602,10.9690620537379,6.81064659189163,F,PASS
GSM1236247,7.77014987642679,7.38627503551067,9.36543537926728,5.97272992644911,F,PASS
GSM1236260,8.66550003073034,8.1788754571908,10.1171282700249,6.07059345984168,F,PASS
GSM1235843,8.06175508750748,7.60603969144282,9.64865304046369,5.92410236200711,F,PASS
GSM1235857,7.11699955091463,6.69170552076055,8.61218731521015,5.43831765146497,F,PASS
GSM1235859,7.29788819174375,6.84404914068595,8.80994678722517,5.47831478152355,F,PASS
GSM1235958,8.07456203107271,7.71411850928759,9.72311831513832,5.87203810737411,F,PASS
GSM1235969,9.40675270043053,8.96211938378574,11.0470114902302,6.76758247340583,F,PASS
GSM1236058,9.45402421501495,9.18605208307834,11.1519714817931,6.92063697425206,F,PASS
GSM1236068,9.51428678010399,9.17558896457088,11.1517360602223,6.86597092810111,F,PASS
GSM1236070,9.06094298946702,8.64963311537232,10.5699565187886,6.47997628224396,F,PASS
GSM1236193,9.51246265248914,9.18080265224183,11.2256404768953,6.90913549119117,F,PASS
GSM1236228,6.65491204663882,6.36168391090262,8.24997139424976,5.40867508046798,F,FAIL
GSM1235851,11.1856563704551,10.8370881975998,12.0356924459778,12.3193459642777,M,PASS
GSM1235869,11.138389477692,10.8921573623888,12.0865294854781,12.3923775666757,M,PASS
GSM1235938,11.2787092058667,10.8485290981726,12.1025076172559,11.9830409718041,M,PASS
GSM1235977,11.3808842020289,10.9027855467758,12.8793041632503,8.11485259545341,F,PASS
GSM1236017,11.2097570452859,10.8751289914984,12.0821098561841,12.3913434081414,M,PASS
GSM1236134,11.0362271166003,10.6723966349201,11.8136359008922,12.1261483536146,M,PASS
GSM1236141,11.0664242682034,10.6258972608873,12.7080571357124,8.14278072919613,F,PASS
GSM1236234,11.0089602888555,10.6923854913432,11.9150083928413,12.2307529791053,M,PASS
GSM1236323,11.3299729774821,10.85910533553,12.9124705452568,8.21101745294035,F,PASS
GSM1236335,11.1620275630737,10.7461045805044,12.0269861264946,12.3314873686318,M,PASS
GSM1236337,11.186463259454,10.7321536543544,12.8513996567558,8.21409152992805,F,PASS
GSM1236353,11.449232613036,11.0676123869428,12.2709541786902,12.4918714321817,M,PASS
GSM1235842,11.7593193283533,11.5624662309249,12.6603877618658,12.9011295792614,M,PASS
GSM1235907,11.5696770843589,11.2048462224697,12.4318803227929,12.6834895890444,M,PASS
GSM1235991,12.0049582611587,11.7264710253034,12.8373106893672,13.0769544051863,M,PASS
GSM1236033,11.6089684337836,11.2312905060422,12.4591340261278,12.7104949242293,M,PASS
GSM1236036,11.657612362453,11.446557446552,12.5279519690638,12.8175828664802,M,PASS
GSM1236041,11.9739872567341,11.6852710107462,13.5755828752218,8.94041246858215,F,PASS
GSM1236087,11.1901900171202,10.7912207994209,12.1086285537086,12.3854146535392,M,PASS
GSM1236145,11.8509739013626,11.6495946001465,12.8253153788295,13.0540925579343,M,PASS
GSM1236148,11.8436669030301,11.5032183076365,13.5310233597365,8.96672456701429,F,PASS
GSM1236293,11.7994145240265,11.5257684950602,13.4685904929921,8.80856348244674,F,PASS
GSM1236325,11.8495626029973,11.4267166167809,12.6709421298472,12.9286285450467,M,PASS
GSM1236328,11.7184581459987,11.4723794927859,13.4820196080661,8.56823900594158,F,PASS
GSM1235846,11.6018239594181,11.4650259602207,12.535817314041,12.7991547100633,M,PASS
GSM1235847,11.6012998323242,11.2987935436729,13.2680665241401,8.54032348804162,F,PASS
GSM1235849,11.7037680499705,11.4531838278558,12.5882274744951,12.8838494387954,M,PASS
GSM1235894,11.7508951834868,11.4115693633574,12.5572547052202,12.8324226527329,M,PASS
GSM1236051,11.7586770937471,11.3740361678906,12.5657856266842,12.834833241997,M,PASS
GSM1236066,10.5777615072017,10.2901474100758,11.4723557978301,11.7207456194304,M,PASS
GSM1236189,9.3518487534575,9.08046352942233,10.2195870903341,10.5112692613361,M,PASS
GSM1236207,10.6596601687222,10.7436809912764,12.0540094988529,12.2409915878973,M,PASS
GSM1236284,11.2026920795713,11.0293972583197,13.0303791557199,8.56142636611003,F,PASS
GSM1236298,10.2925410959404,9.917475752564,11.7860005757582,7.30493832453885,F,PASS
GSM1236308,11.4718167306841,11.2651470076268,12.4121696954032,12.1705624243346,M,PASS
GSM1236324,11.593497047745,11.2890761333308,12.5193027923852,12.7959700383552,M,PASS
GSM1235833,11.4149141691918,11.2957508616823,13.1024856655968,8.57705082124313,F,PASS
GSM1235903,11.6275336871874,11.3176454534705,13.2453631056324,8.62071586347932,F,PASS
GSM1235924,11.7011371450367,11.4354019136367,12.5665875840326,12.8242177535421,M,PASS
GSM1235932,11.6185046931165,11.3401655325206,13.2244779079087,8.64875659537566,F,PASS
GSM1235933,11.6611393039715,11.492688524492,12.6295565495957,12.8479826443696,M,PASS
GSM1236022,11.2384713748443,11.1889804117499,12.2107868445062,12.4754284059876,M,PASS
GSM1236023,11.7033170474805,11.4816198547933,12.5994611982565,12.8606126356018,M,PASS
GSM1236038,11.4351166318457,11.1221267171674,12.267245025278,12.591207913467,M,PASS
GSM1236091,11.6901910713066,11.5610216564233,12.6759845762465,12.9649025059021,M,PASS
GSM1236271,11.8292597601547,11.3995237216359,13.3467037130446,8.59328069712544,F,PASS
GSM1236311,11.6098214460534,11.3921736450346,12.6260446010825,12.9223201684298,M,PASS
GSM1236350,11.6478603722998,11.4202105422843,12.6248591436705,12.8729830522867,M,PASS
GSM1235828,11.2573780103122,10.9484740734785,12.1400022107546,12.4660619692677,M,PASS
GSM1235832,11.7538639942603,11.4238730522564,13.357084024749,8.5864649034638,F,PASS
GSM1235906,11.4328241499132,11.1442833799702,12.3443745146407,12.6644425856063,M,PASS
GSM1235921,11.4295548655106,11.1765094205369,12.3695142741535,12.6628331278203,M,PASS
GSM1235927,11.2745477395006,11.1153505261843,13.1678393817034,8.37577923824141,F,PASS
GSM1236014,11.4771186345494,11.2106922866762,12.4262404475781,12.6989567513439,M,PASS
GSM1236026,11.7243590169598,11.3435473058197,13.3500256624595,8.64027718061938,F,PASS
GSM1236040,11.2429280253617,11.0261770446107,12.1819550264636,12.4272987541951,M,PASS
GSM1236079,11.9770055001744,11.4687337189687,12.5488006103758,12.8480988391271,M,PASS
GSM1236085,11.5275719881139,11.2622373121699,13.2858240456275,7.99575632940982,F,PASS
GSM1236342,11.6354751368829,11.4588547862545,12.6636309577445,12.9481133877235,M,PASS
GSM1236344,11.7021734101783,11.5131216471779,12.7047984453219,13.0127535442131,M,PASS
GSM1235951,11.5871555180024,11.1519475876656,13.1991555144123,8.41490631364682,F,PASS
GSM1236007,11.8070363738016,11.1777606834393,13.1835333033645,8.14409131021399,F,PASS
GSM1236063,11.3093105679368,10.9124592711793,12.2088072600908,12.4802999471814,M,PASS
GSM1236156,11.4303896942724,11.1389229529974,12.370113034995,12.6821650057531,M,PASS
GSM1236168,11.5968928752005,11.2644888589285,12.4619520509221,12.7483392979288,M,PASS
GSM1236197,11.4155586308794,11.056537538108,12.2571510355188,12.4695028358667,M,PASS
GSM1236225,10.6059902632912,10.1836943697741,11.3491783571854,11.579164207173,M,PASS
GSM1236232,11.2736189315905,10.9481649757608,12.1301789606757,12.4236541439016,M,PASS
GSM1236302,11.3370428826476,11.0953586170588,12.2323136191651,12.4735204332953,M,PASS
GSM1236304,11.41705843435,11.1218488593001,12.3368500038823,12.6024210047546,M,PASS
GSM1236309,11.5692841609241,11.1747142800772,13.1475784849516,8.34117289867438,F,PASS
GSM1235837,11.1599127003111,10.7178457509703,11.836967281549,12.1020894822187,M,PASS
GSM1235839,11.3047526245467,10.9039309841686,12.1285492937806,12.3986021914298,M,PASS
GSM1235840,11.1102845763609,10.7542026217347,11.9584407091103,12.2745823896146,M,PASS
GSM1235905,11.0465966661772,10.6341215764462,11.8504897234608,12.1313608715303,M,PASS
GSM1236019,11.3482465135805,10.9475138109621,12.9740404779673,8.2810245174727,F,PASS
GSM1236028,11.4378899596427,11.0175131391234,12.2767827717717,12.5726408036807,M,PASS
GSM1236030,11.3234482229869,10.991329301967,12.201972107131,12.443797086381,M,PASS
GSM1236031,11.2909903089736,11.0975043039683,12.2323975818489,12.4964438648869,M,PASS
GSM1236055,11.6177419259732,11.2768758802802,12.4163101033016,12.6735139547236,M,PASS
GSM1236060,11.7253856863414,11.119563662421,13.0263488974145,8.12874684147453,F,PASS
GSM1236092,11.3604938058415,10.9699672010048,12.1868369866243,12.4465686624528,M,PASS
GSM1236329,11.0737165146274,10.7288179124853,11.9674830573845,12.2480180922466,M,PASS
GSM1235823,11.1084120864098,10.712191439029,11.9547133074163,12.226550275167,M,PASS
GSM1235834,11.3300869951816,10.9344080793463,12.1720473084444,12.4939360420339,M,PASS
GSM1235893,11.0915363449532,10.6891521768787,11.9628369777617,12.2207050371945,M,PASS
GSM1235917,11.2995994460473,10.996250190243,12.2307979322957,12.4345209296506,M,PASS
GSM1235923,11.2124641164515,10.7512660291983,12.0686733923538,12.3604743604629,M,PASS
GSM1236027,11.2118297845162,10.9335619564764,12.1347174135554,12.4470120875749,M,PASS
GSM1236097,11.4676354438138,11.1049925608039,12.3273280336366,12.5846089054416,M,PASS
GSM1236127,11.3867577940572,11.0599506544648,12.2336302134568,12.4944218542956,M,PASS
GSM1236128,11.3213400045116,11.0888836124895,12.2532931995344,12.4545753655246,M,PASS
GSM1236130,11.3524026350414,11.1062232573281,12.2529053713456,12.5243847806458,M,PASS
GSM1236319,11.4358673083122,11.0048216012236,12.2631111001951,12.5820525002264,M,PASS
GSM1236322,11.4110534570953,11.0331115634434,12.2604840764286,12.5958096264323,M,PASS
GSM1235963,11.4368800538538,11.052077248697,13.0680574301997,8.60281610934515,F,PASS
GSM1236013,11.6544192689436,11.3975005968921,13.3391089812415,8.82765669099657,F,PASS
GSM1236032,11.8265124302158,11.6906182279641,13.5777004340524,9.12553067509957,F,PASS
GSM1236045,11.8410013005891,11.6322336303492,13.5446733806169,8.99608727955764,F,PASS
GSM1236047,11.7557922517134,11.6258413441949,13.4905990614611,9.07384422318153,F,PASS
GSM1236057,11.6171447117996,11.3000601520975,13.2554093776882,8.80596655407581,F,PASS
GSM1236062,11.3638718775543,11.3311529188176,13.2619119668156,8.74952228804209,F,PASS
GSM1236064,11.9319397722715,11.6333111983718,13.5814211644642,9.01843751713784,F,PASS
GSM1236093,11.6303699698073,11.4554433230311,13.3027531093902,8.79927175228717,F,PASS
GSM1236173,11.8339040920958,11.5236507963248,13.479812856642,8.90508218482384,F,PASS
GSM1236199,11.5781829578338,11.1612991162309,13.1345777380584,8.58451547686887,F,PASS
GSM1236208,11.5800982037785,11.5106410579536,13.4698161311152,9.01507181412273,F,PASS
GSM1235542,11.6961016327781,11.3852883725648,13.3563534624771,8.92875413876607,F,PASS
GSM1235549,11.5935288211538,11.2641452919645,13.205455136931,8.74217718218858,F,PASS
GSM1235555,11.7484281567282,11.4230087105169,13.3843553990708,8.86527740525762,F,PASS
GSM1235557,11.5785403346325,11.2225246864065,13.1527027823872,8.72318355368944,F,PASS
GSM1235560,11.4200005229075,11.2533663579695,13.2068855343595,8.75891007528885,F,PASS
GSM1235561,11.6922948634504,11.480923680009,13.3645721813041,8.92567024234226,F,PASS
GSM1235564,11.2755598053006,10.8688778062211,12.9373136396614,8.51963392500147,F,PASS
GSM1235565,11.651664094134,11.297803524826,13.2508964872116,8.82741036963514,F,PASS
GSM1235570,11.6689960685124,11.3383616168319,13.2774941492587,8.82443911266565,F,PASS
GSM1235574,11.3113059552878,10.9115383425238,12.9578545753287,8.60639937504715,F,PASS
GSM1235589,11.7383839739354,11.5702734848635,13.3759789712857,8.87031947637408,F,PASS
GSM1235590,11.5076103524009,11.0570630436063,13.1035642509565,8.67754068594799,F,PASS
GSM1235824,11.1567211748994,10.9952133256562,12.9616025928414,8.54510234672706,F,PASS
GSM1235826,11.4956328085972,11.2856799271913,13.2198924288276,8.73089646540298,F,PASS
GSM1235930,11.5920878602516,11.2469775474385,13.2517513828082,8.78098353577299,F,PASS
GSM1235979,11.4203189171841,11.2320460453185,13.3049201070987,8.64092061004577,F,PASS
GSM1236086,11.756841645164,11.4979441254624,13.3825815998154,8.78247484779795,F,PASS
GSM1236137,11.7491269522418,11.5795205621704,13.4859748344328,8.94921585672707,F,PASS
GSM1236196,11.7267662440236,11.3040296368766,13.2156975291034,8.58752802895249,F,PASS
GSM1236243,11.4449082537659,11.2432671233039,13.2117294166084,8.76245827855715,F,PASS
GSM1236253,11.4518555871488,11.2392486812805,13.3036564953104,8.5115812131418,F,PASS
GSM1236278,11.8640042566619,11.510348260327,13.4246634667079,8.79218027459858,F,PASS
GSM1236339,11.8461565425487,11.4979860002736,13.4378332250649,8.85290911881239,F,PASS
GSM1236345,11.353851711889,11.0806903277548,13.0440511470932,8.57672983162351,F,PASS
GSM1235876,12.0801978786542,11.6784491155784,13.6060584385782,8.94354124576694,F,PASS
GSM1235929,11.6838579654356,11.4527286536558,13.3218472329566,8.83188942535945,F,PASS
GSM1236039,11.464875021931,11.247901683822,13.1882781026489,8.72945206703216,F,PASS
GSM1236049,11.7809164939688,11.551023987825,13.5078038181773,9.06390072764687,F,PASS
GSM1236065,11.959488529467,11.5975439558227,13.5371452563292,9.00786590754662,F,PASS
GSM1236067,12.0192153835415,11.6291750583564,13.5895617199865,8.93743486224278,F,PASS
GSM1236151,11.7770821156672,11.5755233340778,13.4602190550442,8.93748282145087,F,PASS
GSM1236180,11.8828645065414,11.6447264512726,13.5785098318983,8.99607696811861,F,PASS
GSM1236209,11.4695755259175,11.3560255867019,13.3253539688408,8.98447650896567,F,PASS
GSM1236285,11.907847855063,11.6767741365506,13.548586122168,9.01978354906765,F,PASS
GSM1236286,11.3584031528687,11.106614524809,13.0422334504968,8.63814430527145,F,PASS
GSM1236310,11.7898850036821,11.5345889293612,13.4188900309442,8.95359896492966,F,PASS
GSM1235636,11.2511190609506,11.0384979511721,12.9161912624783,8.52276077021757,F,PASS
GSM1235639,11.5791746637841,11.2846147426199,13.2781630634274,8.80359018904807,F,PASS
GSM1235642,11.7538833879678,11.4346254243166,13.3428263741798,8.7594870621743,F,PASS
GSM1235645,11.4820999086577,11.1806842671025,13.0813476978393,8.62352996417858,F,PASS
GSM1235650,12.1200255524349,11.4890128004342,13.3343534149683,8.46895564286798,F,PASS
GSM1235652,11.5492118514984,11.2258378226057,13.1788284251328,8.67351694527161,F,PASS
GSM1235653,11.4092823668594,11.1564052620456,13.0092422869293,8.54024172563059,F,PASS
GSM1235658,11.5859150441426,11.3264498227852,13.2347621839888,8.67501630415746,F,PASS
GSM1235662,11.7173782665401,11.4637353609077,13.3558653859162,8.82608001818909,F,PASS
GSM1235663,11.2683502722392,10.9201761860174,12.8328735522977,8.35782658672599,F,PASS
GSM1235665,11.4974607866248,11.3212830623059,13.1477759896992,8.70116067491813,F,PASS
GSM1235666,11.6884417013083,11.3585998305625,13.3372821186663,8.7711815900073,F,PASS
GSM1235813,11.5810725139494,11.2822241904026,13.1663126039628,8.57535935959306,F,PASS
GSM1235815,11.9668226748441,11.5800740057751,13.5329014499794,8.8514243559692,F,PASS
GSM1235816,11.8108613291139,11.3570628502893,13.2376684633479,8.68915762164019,F,PASS
GSM1235830,12.0185761994572,11.5830135700457,13.4979439458941,8.79376535063953,F,PASS
GSM1235871,11.9027430773694,11.514566021526,13.3939673545074,8.73663315032198,F,PASS
GSM1235911,12.2247579460684,11.7404461939698,13.5327472882501,8.7915057201107,F,PASS
GSM1235940,11.5342187668558,11.1227642078689,13.0377839726712,8.44192723969384,F,PASS
GSM1235947,11.9630880814702,11.6312618767775,13.4539466833664,8.8670066137084,F,PASS
GSM1235973,11.3141258273435,11.0914138653248,12.9657099437138,8.38813253873746,F,PASS
GSM1236009,11.8419471382014,11.4815340173426,13.3411315658227,8.64186662108721,F,PASS
GSM1236025,11.9674458653314,11.622991476529,13.5183777608498,8.95585536097452,F,PASS
GSM1236212,11.7223847689409,11.325873021957,13.2445153761253,8.69230930706201,F,PASS
GSM1235817,11.5652513555394,11.2494322435466,13.2212197120865,8.46492803200716,F,PASS
GSM1235818,11.7919174281045,11.4025971171348,13.2716392731356,8.67893398906153,F,PASS
GSM1235819,11.7131615986157,11.3164462753373,13.1673318202537,8.64749888367278,F,PASS
GSM1235831,11.6729154636425,11.3069445099893,13.1571537337895,8.56955646691738,F,PASS
GSM1235850,11.8389747992404,11.4870206926077,13.3484626816305,8.65936360796585,F,PASS
GSM1235866,11.7847947798365,11.4482284306016,13.2934959942819,8.83363785890292,F,PASS
GSM1236029,11.3637227413333,11.0792895345006,12.9916160998238,8.61153833059141,F,PASS
GSM1236048,11.7544427913404,11.3652083825493,13.2397966655637,8.70575644499534,F,PASS
GSM1236054,11.7264529482182,11.3460648810928,13.2991061887279,8.6864922287664,F,PASS
GSM1236084,11.3932953362473,11.1159113569181,12.9910959004549,8.40640560082768,F,PASS
GSM1236107,11.6540961924625,11.3074279628615,13.2230017924234,8.77484031391089,F,PASS
GSM1236135,11.6829110178506,11.3357700398487,13.257590829721,8.80768570905169,F,PASS
GSM1235852,11.5841073154545,11.2700577392131,13.2370571807443,8.53524390948525,F,PASS
GSM1235875,11.48530713069,11.1168026749359,13.0016622680602,8.31776751550121,F,PASS
GSM1235883,11.9125382212289,11.3980459649595,13.2448405875865,8.46985318955681,F,PASS
GSM1235950,11.8102417326841,11.2412624966763,13.108897607564,8.28999918612289,F,PASS
GSM1235953,11.6438679510567,11.2573061084102,13.2353888757105,8.58413296490509,F,PASS
GSM1236113,12.0192654611405,11.4849329953536,13.4314133308965,8.76880429087869,F,PASS
GSM1236160,11.204729968247,11.0114658849734,12.905820813918,8.36616721464762,F,PASS
GSM1236162,11.5219018418616,11.2269005506596,13.0671806125301,8.44837823120813,F,PASS
GSM1236167,11.7367626790764,11.3638392379461,13.291587662409,8.76112582864727,F,PASS
GSM1236221,11.4248521528595,11.0583978510454,12.8864905355365,8.31029164410822,F,PASS
GSM1236237,11.7587127082544,11.2887325139972,13.2209135833531,8.44485901618827,F,PASS
GSM1236265,11.5575014589085,11.1970496074842,13.1315504983099,8.50577206039102,F,PASS
GSM1235595,11.6361524688971,11.3075946794964,13.1849185108161,8.5947009688909,F,PASS
GSM1235597,11.8573827410702,11.452916988739,13.3409008256697,8.70327565858008,F,PASS
GSM1235602,11.3833032594748,11.0884052947797,13.0125708882639,8.46463513736393,F,PASS
GSM1235603,11.6138709357017,11.4050407841443,13.266455893005,8.74282443599009,F,PASS
GSM1235608,11.9515266416827,11.5732769741064,13.493557756956,8.80858383157527,F,PASS
GSM1235609,11.8281001124877,11.4696929326877,13.4602897033542,8.97599449924622,F,PASS
GSM1235610,11.4397258808143,11.3272490968116,13.0900031063811,8.6338041005605,F,PASS
GSM1235613,11.9862466802359,11.6221312475568,13.5339838360292,8.91150580321145,F,PASS
GSM1235614,11.6290960945179,11.4105177639012,13.2217286126653,8.81134899171575,F,PASS
GSM1235615,11.8647908535319,11.5460454367127,13.4944991644257,8.82759465208694,F,PASS
GSM1235616,11.7130269818893,11.4221874981044,13.3089670659318,8.82063295053208,F,PASS
GSM1235618,11.7830412458923,11.5251843476555,13.4637367507001,8.96584057696231,F,PASS
GSM1235592,11.4856912123002,11.2514315406871,13.1562484896101,8.68524582286747,F,PASS
GSM1235593,11.6098132579132,11.358122348071,13.2782250744004,8.77840288588593,F,PASS
GSM1235598,11.6554305516592,11.4205916506212,13.3537513238107,8.84578487900111,F,PASS
GSM1235599,11.6409728438343,11.3926569479847,13.3554776453709,8.84761847938202,F,PASS
GSM1235955,11.5195270599869,11.1491038350485,13.0503737054403,8.51387141770003,F,PASS
GSM1235962,11.9330190764903,11.5007989446645,13.4556985110627,8.88110527267964,F,PASS
GSM1236052,11.6464625834615,11.2431151143289,13.1275952484775,8.56689200330193,F,PASS
GSM1236115,11.8892591150936,11.4831936683405,13.3041790651457,8.66870502233769,F,PASS
GSM1236292,11.3314238110606,11.0226932588032,12.9436147034561,8.49529943024483,F,PASS
GSM1236330,11.5249741147718,11.1968876646733,13.1214683491262,8.68367435187054,F,PASS
GSM1236343,11.7198572459609,11.3966534938243,13.3430796944022,8.91509670838264,F,PASS
GSM1236348,11.3452358438133,11.1074850803494,12.9769147766451,8.50187059621759,F,PASS
GSM1235656,11.4454773313519,11.1765819557337,13.0615908896574,8.57260590160494,F,PASS
GSM1235668,11.170196597941,10.9085380795755,12.8299333874273,8.35238959481118,F,PASS
GSM1235669,11.4853643915034,11.1751572264333,12.3447319335565,12.6344377297467,M,PASS
GSM1235671,11.5192406570527,11.2683074199509,13.21975181071,8.72256193333061,F,PASS
GSM1235673,11.3100636870928,11.1020980070814,12.9825837381318,8.41268360938548,F,PASS
GSM1235675,11.031377310543,10.7922230786568,12.7636912346994,8.11957996387876,F,PASS
GSM1235676,11.4528724790694,11.2416663786289,13.1590388600045,8.61757081456587,F,PASS
GSM1235678,11.5791080717926,11.3016459990829,13.232994688341,8.66866112399548,F,PASS
GSM1235681,11.4473288523851,11.3245337325439,13.237849501247,8.64694707167911,F,PASS
GSM1235685,11.6184369876236,11.3591311468988,13.2372869122534,8.69894035859077,F,PASS
GSM1235690,11.5048608447058,11.2162531484085,13.2214639011433,8.62120449689101,F,PASS
GSM1235693,11.5973488363665,11.3013787594778,12.4838321451083,12.75113749038,M,PASS
GSM1235622,11.34456985506,11.0532205256321,12.93850265576,8.45232065048814,F,PASS
GSM1235623,11.5400795326143,11.1439570373891,13.101408386668,8.64523821990797,F,PASS
GSM1235626,11.6169755334493,11.450516691089,13.344875636962,8.88365888147486,F,PASS
GSM1235627,11.6468394637409,11.4527388459225,13.309950942308,8.82708474498996,F,PASS
GSM1235629,11.1066585708127,10.8990814994837,12.8564345403088,8.39341543090225,F,PASS
GSM1235630,11.5212094003576,11.2946059753413,13.2157836533987,8.68711005391572,F,PASS
GSM1235633,11.4877113814144,11.1715908133238,13.0727489758506,8.49699860792292,F,PASS
GSM1235634,11.6285231909331,11.3703373484549,13.3091907716969,8.81228411835295,F,PASS
GSM1235635,11.4342735647361,11.1355212704158,13.0464654846514,8.57906668599066,F,PASS
GSM1235647,11.6725163860454,11.4088853572306,13.261018139855,8.80005015066296,F,PASS
GSM1235648,11.751638359847,11.4371275431667,13.3329979972073,8.81964797204361,F,PASS
GSM1235651,11.8824292965087,11.5937132059911,13.4756386910935,8.87352689366928,F,PASS
GSM1235829,11.762126748047,11.4015108767677,13.4127223828775,9.05082223174712,F,PASS
GSM1235908,11.6118074615097,11.4087942819916,13.4002810434514,8.97962669625624,F,PASS
GSM1235925,11.6687256995469,11.3925328555301,13.3752498560227,9.08927446030002,F,PASS
GSM1235926,11.4672978800021,11.229986433109,13.1918220359233,8.84256220150405,F,PASS
GSM1235934,10.7711618215533,10.795690432957,12.8503761341842,8.60574722460792,F,PASS
GSM1235935,11.7545346646681,11.4357225006158,13.4133400353351,9.01138782072843,F,PASS
GSM1235936,11.4786437657249,11.2202389347785,13.1465637713231,8.74917834622545,F,PASS
GSM1236018,11.7123401180919,11.3961058929338,13.3524079947484,8.86748791671426,F,PASS
GSM1236074,11.8816247148445,11.3662354905505,13.3592169721371,8.87911402470235,F,PASS
GSM1236195,11.4456613110121,11.0840233415232,13.0822381524176,8.72419719561338,F,PASS
GSM1236280,11.8428386307807,11.5615111637922,13.4930313787271,8.9653671994724,F,PASS
GSM1236291,11.3544952333711,11.0281849291083,13.0209231965,8.55098071297731,F,PASS
GSM1235901,11.759624333548,11.3547418508552,13.3404429226075,8.82209785293592,F,PASS
GSM1235922,11.3305371216007,11.2302689062257,13.2429105332903,9.10615464249949,F,PASS
GSM1235988,11.2246586990813,10.9309886859837,12.9373269925066,8.47693205458363,F,PASS
GSM1236100,11.5121956392591,11.3400462402343,13.3567096957137,8.84960582147471,F,PASS
GSM1236119,11.5082411951352,11.0968349467709,13.1347026625441,9.45363396315346,F,PASS
GSM1236147,11.6934374474891,11.3581003099214,13.316844092121,8.77747168656992,F,PASS
GSM1236150,11.4150564158398,11.1457031254448,13.1669146396128,8.75985810820078,F,PASS
GSM1236152,10.7687338474134,10.8068758971433,12.9049506032394,8.73521310571463,F,PASS
GSM1236177,10.7438901121816,10.4968867022031,12.6427545735845,8.27313292286213,F,PASS
GSM1236179,11.5681795320825,11.3580853719056,13.3623225912862,8.94582264749464,F,PASS
GSM1236201,11.3828104290925,11.152871994892,13.1491320832497,8.72181739806502,F,PASS
GSM1235535,11.4945761468179,11.1824269636039,13.1516756387314,8.69245445700513,F,PASS
GSM1235537,11.3585979860769,10.9688741025315,13.0274398111056,8.61195964689588,F,PASS
GSM1235544,11.6701355277893,11.333696143157,13.3766494458665,8.86895839761041,F,PASS
GSM1235548,11.7390890454446,11.3280851143182,13.376493719015,8.91683558779669,F,PASS
GSM1235553,11.3767307258598,11.0025903305238,13.0074688039479,8.64028206699251,F,PASS
GSM1235581,11.8237697435729,11.4198164854214,13.4724932531214,8.88225314845995,F,PASS
GSM1236360,11.5275791750907,11.1127199178402,13.1517675906652,8.71288302360266,F,PASS
GSM1236361,11.5661564764232,11.208213511826,13.2214740518834,8.70105694025304,F,PASS
GSM1236362,11.6096206218463,11.3694584442487,13.3754160022708,8.85398193559829,F,PASS
GSM1236363,11.6576780356143,11.2594768704488,13.2905402265111,8.81069364294779,F,PASS
GSM1236365,11.6373727569912,11.3007052664098,13.256986096005,8.78670349856841,F,PASS
GSM1236366,11.7641724450958,11.4031943225549,13.355067163853,8.86143837481831,F,PASS
GSM1235874,11.9601536185951,11.467262497378,13.4429969045278,8.59079342964611,F,PASS
GSM1235941,11.751426565993,11.2935384771004,13.2994949036842,8.71495451248786,F,PASS
GSM1235978,11.3761390137746,11.0255131967727,13.0199753603872,8.47144269721219,F,PASS
GSM1236046,11.937359243249,11.3302209165881,13.269861893181,8.4964593412089,F,PASS
GSM1236110,11.9060696475287,11.3546923512042,13.354749578144,8.57128388796251,F,PASS
GSM1236204,11.1729038008453,11.104544073484,13.1438637149546,8.66902441182726,F,PASS
GSM1236206,11.4477698996033,11.1637652279346,13.1491632782829,8.74432205242282,F,PASS
GSM1236215,11.3272633733905,11.1417649251996,13.0941710654906,8.7348480755096,F,PASS
GSM1236218,10.6535861887689,10.6558089846891,12.64613140799,8.19888526752796,F,PASS
GSM1236231,11.6655356944811,11.3244336139638,13.3673118244436,8.82266094697599,F,PASS
GSM1236240,11.3669884651026,11.0912205660964,13.1209667592083,8.671937665244,F,PASS
GSM1236267,11.6055624897237,11.185684337339,13.1435357682439,8.62359864350919,F,PASS
GSM1235541,11.3489146785262,11.1322850392402,13.2215515913509,8.76778845391057,F,PASS
GSM1235562,11.7626943352382,11.4422688702819,13.4233132580088,9.04066076336326,F,PASS
GSM1235566,11.5505502431271,11.2319461785584,13.2515722131216,9.00366369327573,F,PASS
GSM1235571,11.7539815928305,11.4415786855295,13.4692198213871,9.2120721028854,F,PASS
GSM1235575,11.7151235818336,11.486754932977,13.4091933009587,9.08349979927423,F,PASS
GSM1235577,11.744126012025,11.3932911883943,13.3513564792216,9.0312265012527,F,PASS
GSM1235582,11.5072886512457,11.2036035673994,13.2034563942788,8.96385633061429,F,PASS
GSM1235591,11.3575980994406,11.0898746141992,13.0891543379279,8.92426335178314,F,PASS
GSM1236357,11.7745318796521,11.5192272175156,13.4563407090709,9.05293248020429,F,PASS
GSM1236358,11.7599150876678,11.4364109394345,13.3565716146033,8.93390853992108,F,PASS
GSM1236359,11.5820696645465,11.2852061873409,13.2953149306259,8.96387078996481,F,PASS
GSM1236367,11.60084905886,11.2590234495852,13.3141827691767,8.85680938926225,F,PASS
GSM1235886,11.1422884174934,10.6925218201047,12.8334929473931,8.31156206989796,F,PASS
GSM1236109,11.6453029029144,11.2136942860502,13.2902176645063,8.72044732526622,F,PASS
GSM1236131,11.8219783003783,11.3678975295865,13.3809823720115,8.68954417383518,F,PASS
GSM1236136,11.1380654095241,10.9803116608124,13.1044680357528,8.71524837538658,F,PASS
GSM1236227,11.5059909017433,11.2465746394425,13.3188762372085,8.73276297308639,F,PASS
GSM1236230,11.5995696818092,11.0914921147375,13.0954814521674,8.46312795866357,F,PASS
GSM1236317,10.3944469259234,10.4503262186177,12.4746531267414,8.20683204838456,F,PASS
GSM1236332,11.4905212450016,11.2319003577715,13.2260669241725,8.64226627483777,F,PASS
GSM1236340,11.6363780935372,11.2529238775715,13.2589628731497,8.66814989856015,F,PASS
GSM1236349,11.4264301607797,11.2340368093608,13.215225436168,8.63133880741496,F,PASS
GSM1236352,11.7390369254914,11.3248766892087,13.3627536252969,8.69528132301893,F,PASS
GSM1236356,11.5453072593644,11.1030142467948,13.1335004994837,8.56176298496566,F,PASS
GSM1235821,11.0143664700063,10.8715401718737,12.9234503407645,8.51662209926241,F,PASS
GSM1235836,11.7862221316947,11.4279651467247,13.4473260673725,8.99097687764848,F,PASS
GSM1235838,11.5482476817868,11.3620372994543,13.2340451855733,8.76184564664576,F,PASS
GSM1235858,11.0044074113696,11.0744918397174,12.992695229668,8.69667834322487,F,PASS
GSM1235870,11.7924427660259,11.5208235590641,13.4901895770549,9.02353090185068,F,PASS
GSM1235873,11.585089211727,11.3095369903795,13.2479609120636,8.76573984146432,F,PASS
GSM1235949,12.0186668503219,11.5158272691129,13.4297927764995,8.7108668074847,F,PASS
GSM1235984,11.8366020263756,11.6209750417438,13.539136547777,8.97316749802612,F,PASS
GSM1236016,11.3543705968336,11.439578229429,13.3451794625503,9.02175447828895,F,PASS
GSM1236053,11.3787608537993,11.0628333415535,13.0743902509789,8.61745609071355,F,PASS
GSM1236205,11.9847364672597,11.5569765355721,13.4962917496458,8.90950656319025,F,PASS
GSM1236336,11.2845349838071,11.0915116234285,13.0521383472246,8.75530535808902,F,PASS
GSM1235534,11.3769168937526,11.0309834022819,13.0403393172745,8.65098839311547,F,PASS
GSM1235550,11.4072525201278,10.9206459635476,12.9642433597791,8.57079255797829,F,PASS
GSM1235551,11.5837613903786,11.3607649982893,13.2727850151471,8.80655022618988,F,PASS
GSM1235554,11.7834022291465,11.3462218763469,13.4119451342107,8.9251603482142,F,PASS
GSM1235558,11.8764752927544,11.557993636909,13.4937195541737,8.95191249429269,F,PASS
GSM1235563,11.4911847646455,11.1389635203265,13.1268363006071,8.70531027474855,F,PASS
GSM1235568,11.7711450280878,11.4406517294568,13.441274432216,8.93367767952376,F,PASS
GSM1235569,11.2581726501728,10.8818171465929,12.9411994537777,8.61845729277239,F,PASS
GSM1235580,11.6109573706026,11.3278570125644,13.3584559767335,8.873000027046,F,PASS
GSM1235584,11.542785988576,11.1887850614966,13.1462422668801,8.67784881768985,F,PASS
GSM1236369,11.6414857368874,11.2444471557848,13.2540907001002,8.79789639114469,F,PASS
GSM1236370,11.7334477139055,11.3438857882025,13.3673678161776,8.90608948700045,F,PASS
GSM1235939,10.385133289864,10.5914303841582,12.6418644219953,8.52342314055235,F,PASS
GSM1235966,11.646843982256,11.3388351982052,13.2947903788118,8.7715527435011,F,PASS
GSM1235987,11.4874742667865,11.1847975628259,13.1265388247548,8.66899754735021,F,PASS
GSM1235994,10.8367655176994,10.7400377247694,12.7031571721903,8.15028720631362,F,PASS
GSM1236003,11.5416401187231,11.273359706755,13.3218669144986,8.86710104738875,F,PASS
GSM1236004,11.776610215414,11.3439361019281,13.283793336138,8.67061113896815,F,PASS
GSM1236005,11.489794498427,11.1724267346235,13.1634306357918,8.68096459914763,F,PASS
GSM1236112,11.5374059611723,11.1860892558743,13.1669353337654,8.4004654077445,F,PASS
GSM1236186,11.7127499900986,11.346984417046,13.3485910237427,8.80476915410804,F,PASS
GSM1236214,11.5189071781135,11.1203406914162,13.1157137097821,8.59671512770664,F,PASS
GSM1236224,11.4711511670602,11.1041363196194,13.0757968322526,8.44791879233286,F,PASS
GSM1236262,11.896867294561,11.5053215364905,13.4025425216245,8.77607271151458,F,PASS
GSM1236171,11.5496976669048,11.1149219071801,13.2669124513295,8.61479079066428,F,PASS
GSM1236192,11.5678772799856,11.1939701167676,13.2782817312244,8.71434433426674,F,PASS
GSM1236216,11.7693829278803,11.2960076347689,13.3418899749376,8.71417664264153,F,PASS
GSM1236219,11.757104685529,11.4376098391378,13.4911532217262,8.96086083563861,F,PASS
GSM1236251,11.7239147765709,11.3609630362706,13.3728990017571,8.690518113245,F,PASS
GSM1236252,11.7782692041908,11.4303433249298,13.4299381568537,8.83925768109299,F,PASS
GSM1236268,11.6467295752008,11.0710513768572,13.0554016263853,8.33364957933039,F,PASS
GSM1236272,11.4329561686574,11.1624186299726,13.1740761374012,8.68031931738927,F,PASS
GSM1236287,10.9625933726895,10.9809527967352,12.9459986882601,8.32744897143304,F,PASS
GSM1236295,11.6086687543858,11.3406671846484,13.3698534677035,8.8218029093115,F,PASS
GSM1236296,11.5942635630342,11.1185318051629,13.0824175760829,8.38070656326968,F,PASS
GSM1236312,11.489840157457,11.126426259566,13.1548148621942,8.53592774151117,F,PASS
GSM1235543,11.4227337502372,10.9744107241029,13.0510440349515,8.65739455490738,F,PASS
GSM1235547,11.6126581083176,11.235832708934,13.2169862728496,8.76399562636972,F,PASS
GSM1235552,11.5867210532553,11.2160614049855,13.1871555867201,8.71996160148478,F,PASS
GSM1235559,11.7462746851247,11.308920725867,13.3512531044968,8.88150129028956,F,PASS
GSM1235572,11.7109438578107,11.287396035945,13.3115046583887,8.85635135802103,F,PASS
GSM1235583,11.3720970838664,11.0553008570762,13.0665916778486,8.70204577909289,F,PASS
GSM1235585,11.7368185025532,11.3396236350761,13.3750140495241,8.91041715322974,F,PASS
GSM1235587,11.8367041454722,11.5152275461936,13.4267397928545,8.9193523448156,F,PASS
GSM1236364,11.7209091113151,11.4407651231353,13.3928312203128,8.8969251204068,F,PASS
GSM1236368,11.7724694451857,11.4662993346747,13.4262987084401,8.92406398726686,F,PASS
GSM1235545,11.5719680688035,11.4522478887561,13.4205895036576,8.92331986579592,F,PASS
GSM1235586,11.8029942941225,11.6647033689005,13.5369683849548,9.06986497405684,F,PASS
GSM1235812,11.6317398472576,11.507546038084,13.4474429452365,9.01673488901547,F,PASS
GSM1235887,11.7953614405888,11.6056317534604,13.5185062717809,9.09326364819546,F,PASS
GSM1235897,11.8029860804385,11.490542740231,13.3849951516984,8.88390795449862,F,PASS
GSM1235915,11.9461460100937,11.6441763810093,13.5499964911943,9.01288519940207,F,PASS
GSM1236001,11.778923684384,11.6488321324168,13.4723881569626,9.05985066936831,F,PASS
GSM1236075,11.5850655796952,11.2968376224073,13.2302496665376,8.81265760189372,F,PASS
GSM1236211,11.7243464780034,11.4569628274486,13.4121794722423,8.98945395053592,F,PASS
GSM1236213,11.4750126257209,11.3263974113994,13.2271586001269,8.82423826780833,F,PASS
GSM1236283,11.9050207785004,11.5700490349747,13.3737984659506,8.70436808053289,F,PASS
GSM1236294,11.825735541849,11.5860475551267,13.5213670106642,9.05219771642342,F,PASS
GSM1235725,11.7919153075829,11.5369895197104,13.3806859809229,8.81391835313364,F,PASS
GSM1235733,11.4665171460313,11.0536815672318,13.0002993195221,8.54471897372664,F,PASS
GSM1235734,11.7287133168971,11.3569276481386,13.3230226919527,8.80114989384501,F,PASS
GSM1235735,11.8615065591709,11.509829447929,13.4628342167281,8.97552694859731,F,PASS
GSM1235737,11.3954943799975,11.0669865402764,12.9265860876836,8.51824071879797,F,PASS
GSM1235738,11.8171098542441,11.5206417543624,13.4839320642576,8.89437439610727,F,PASS
GSM1235739,11.7490294868516,11.3648013525875,13.2491368156008,8.74280089093753,F,PASS
GSM1235741,11.8721026872976,11.3792611701271,13.2670563851841,8.61099761989442,F,PASS
GSM1235743,11.7338262082505,11.5005171444828,13.4283851568852,8.92344877993122,F,PASS
GSM1235747,11.6409906339457,11.3663921350355,12.5649912329319,12.8133400386032,M,PASS
GSM1235748,11.9527655760589,11.6067414924974,12.7790568821618,13.0558618986511,M,PASS
GSM1235751,11.588252756894,11.1820942033212,13.0694671366514,8.61616277564311,F,PASS
GSM1235744,11.6132310079305,11.3728816371156,12.4694609086407,12.747385629371,M,PASS
GSM1235746,11.7010431877803,11.3550164686792,13.3406346471995,8.62938129866379,F,PASS
GSM1235749,11.3861900316321,11.1643048308592,12.3221639999715,12.6099889054931,M,PASS
GSM1235750,11.6509485195728,11.3138761367289,13.2913960659971,8.62617421412099,F,PASS
GSM1235753,11.6756014782786,11.3217840809003,13.3496582028244,8.55292685107627,F,PASS
GSM1235755,11.7423424784786,11.4745320486834,12.6703441994331,12.9863385154944,M,PASS
GSM1235758,11.5723409638259,11.1822812516376,13.1875623195374,8.43508795310403,F,PASS
GSM1235759,11.6831860896439,11.3253873127136,13.3880249297483,8.76029972190531,F,PASS
GSM1235761,11.3328958420476,10.9628774353746,12.9913846962616,8.27214968639757,F,PASS
GSM1235762,11.7711448167227,11.3911504239956,13.3460699084222,8.77593155328435,F,PASS
GSM1235763,11.7784007172468,11.4623469903139,13.4346326126114,8.70155523807038,F,PASS
GSM1235769,11.5868856965941,11.3510669633595,12.6036379387412,12.8717067086457,M,PASS
GSM1235774,11.6275786510623,11.3300738926427,12.460993274453,11.7535455756667,M,PASS
GSM1235777,11.3513484784391,11.1797318282658,12.3095472838656,12.5607387455393,M,PASS
GSM1235778,11.5028955807392,11.2395689669619,12.4651904119956,12.7741204021283,M,PASS
GSM1235779,11.6498022278495,11.3528771816343,12.5756212388719,12.8455689718555,M,PASS
GSM1235780,11.4903172216647,11.3548628588459,12.5383098776397,12.8491142046579,M,PASS
GSM1235783,11.0974511735196,10.9363426755865,12.0645447956104,12.1647395582563,M,PASS
GSM1235785,11.6457317098526,11.3932289807481,12.5778748356717,12.7982234288762,M,PASS
GSM1235788,11.6251143238919,11.3728407427806,13.3938631721869,8.73534258982685,F,PASS
GSM1235791,11.4060209643209,11.2575491412476,12.3691764601509,12.3475704555299,M,PASS
GSM1235792,11.6306648028863,11.314665751958,13.3463525219112,8.77236432976343,F,PASS
GSM1235798,11.7628214645686,11.3618921662025,12.610547357465,12.9329642805439,M,PASS
GSM1235803,11.5416598277352,11.3943518653407,12.6103337143718,12.843419835533,M,PASS
GSM1235709,11.6752681930516,11.3080841302297,13.1693911006533,8.77240587710305,F,PASS
GSM1235718,11.359462656088,11.034949107935,12.8826866632572,8.62561574492718,F,PASS
GSM1235719,11.6170743337253,11.3020829436937,12.480115212149,12.754288673027,M,PASS
GSM1235720,11.7639647294108,11.4569773921537,12.614258350607,12.8703399124738,M,PASS
GSM1235722,11.6309333826073,11.3881847140522,13.3633633374466,8.7341063384674,F,PASS
GSM1235724,11.6624586309076,11.4117625598446,13.4054003025764,8.68870435679758,F,PASS
GSM1235726,11.8180263535385,11.4636431035297,13.4158267690996,8.91012139900773,F,PASS
GSM1235728,11.4052331104837,11.0218868560372,12.9745227333124,8.48164047567743,F,PASS
GSM1235729,11.677985744422,11.3112846390727,13.2530431187264,8.77330376270124,F,PASS
GSM1235731,11.4829083274776,11.2151345069216,13.1089195838594,8.57215446353312,F,PASS
GSM1235732,11.8238496074192,11.4482545142574,13.4069035547495,8.83467650710553,F,PASS
GSM1235736,11.8521452349645,11.5005307372178,13.4440338622732,8.92294063671016,F,PASS
GSM1235674,11.7554734964503,11.4397442370903,12.5726204513025,12.8276888179134,M,PASS
GSM1235682,11.7033846140667,11.3693498710379,13.1830630678052,8.74247511388606,F,PASS
GSM1235684,11.948865493663,11.5157111073575,13.4121127324511,8.88872651262755,F,PASS
GSM1235686,12.0458354979645,11.5313000036593,13.473080708936,8.81231796504188,F,PASS
GSM1235687,11.8379810277831,11.4030769522825,13.2713952339001,8.73580274790668,F,PASS
GSM1235688,11.9334035588435,11.5201678206865,13.4586348015161,8.82587372096366,F,PASS
GSM1235689,12.0703213559575,11.683447612958,13.6314675703809,8.9240973559572,F,PASS
GSM1235691,11.9663997082629,11.6892707502227,12.8280393017844,13.0550134250356,M,PASS
GSM1235692,11.7141285028306,11.4235063360434,12.5287345636628,12.7990360666668,M,PASS
GSM1235695,11.8281824828475,11.6159456840777,12.6880694380245,12.9287820379649,M,PASS
GSM1235696,11.9348755478992,11.6536874263956,13.5563136796987,8.94650560270015,F,PASS
GSM1235697,11.9616054993922,11.6038393666953,13.467805947588,8.85602874101694,F,PASS
GSM1235745,11.5265657762063,11.3453306181218,12.5219018231156,12.7336877533073,M,PASS
GSM1235754,11.6796640039943,11.4221731638752,12.5895134349428,12.8755956793723,M,PASS
GSM1235765,11.4118290439978,11.1669186054924,13.0953560876561,8.61313616208652,F,PASS
GSM1235766,11.2685981394217,10.9464757545237,12.9326535567845,8.43607357064732,F,PASS
GSM1235767,11.4962021569983,11.2361761204955,12.4299895869924,12.5769690025312,M,PASS
GSM1235768,11.7806562282842,11.5867524689944,12.6977629773668,12.7484757412644,M,PASS
GSM1235770,11.4257359344941,11.2888797363593,13.2121642464344,8.63629016735549,F,PASS
GSM1235771,11.317448340493,11.196410047379,12.2116963310299,12.4837405529141,M,PASS
GSM1235772,11.4769765668868,11.2346768125552,13.1629566860222,8.53044672454227,F,PASS
GSM1235773,11.6268860953041,11.2912704533261,12.3804434743173,12.641369315897,M,PASS
GSM1235775,11.6761679118564,11.420391479582,12.5823064479445,12.873050446269,M,PASS
GSM1235776,11.4760908642241,11.3217910875231,12.4866370770201,12.7594958060809,M,PASS
GSM1235794,11.5151458324513,11.1637391617295,12.3619393008097,12.664861723098,M,PASS
GSM1235795,11.6184609220514,11.4105224195358,13.3877126628299,8.80861223454926,F,PASS
GSM1235796,11.1453426304282,11.0440224058715,12.1562780346298,12.419202643419,M,PASS
GSM1235797,11.3689726562634,11.2110862014172,12.3861057828473,12.5902902473542,M,PASS
GSM1235799,11.4705185499754,11.2494005968243,12.4645517282528,12.7129804198373,M,PASS
GSM1235800,11.9115736001829,11.5923545276672,13.5056402079447,8.92994600679464,F,PASS
GSM1235801,11.2254288103375,11.0622621949964,12.1816643880416,12.4538341083694,M,PASS
GSM1235802,11.6052761623983,11.375395199541,12.597633407657,12.8745626151374,M,PASS
GSM1235805,11.5671130329923,11.3346743230439,12.4592977828376,12.6987787893818,M,PASS
GSM1235807,11.4764713114204,11.2082354656887,12.4204763370752,12.6987025318919,M,PASS
GSM1235808,11.4886527797394,11.4039048735393,12.470767389264,12.5636902861971,M,PASS
GSM1235810,11.5235876389741,11.4664099285005,12.4761195534304,12.7546628336077,M,PASS
GSM1235698,11.7762212149877,11.4185356226677,12.573404032121,12.8042077386487,M,PASS
GSM1235699,11.8073753790878,11.5218911665898,12.674568681183,12.9542227893087,M,PASS
GSM1235700,11.4642724303796,11.2433987256003,12.3558751955373,12.6412001433021,M,PASS
GSM1235701,11.6023008822068,11.3848518455692,13.3017738210114,8.78634754133897,F,PASS
GSM1235702,11.688309631313,11.4238124067223,12.5669446552658,12.8242658425889,M,PASS
GSM1235705,11.8134115046369,11.5313578237585,13.3946954314976,8.84940341426223,F,PASS
GSM1235710,11.4833587921416,11.2516262454003,13.1042311297105,8.66568549105662,F,PASS
GSM1235712,11.7862252347907,11.3877063797078,13.3976278088821,8.82567800896586,F,PASS
GSM1235713,11.5772919335618,11.3090664039845,13.2206649998718,8.73410934622619,F,PASS
GSM1235715,11.2497765207142,11.1657218470087,13.0235657436008,8.70297876459494,F,PASS
GSM1235716,11.6691122661791,11.4383736777427,13.2362437171816,8.68068257566054,F,PASS
GSM1235717,11.7205865414744,11.3209953674744,13.3239816661887,8.77839588126722,F,PASS
GSM1235596,11.7681825130176,11.2231830157703,13.2999499770077,8.73269399126938,F,PASS
GSM1235604,11.6047935532723,11.0884713581808,13.1428018638746,8.72460412414644,F,PASS
GSM1235605,11.7413361858725,11.2235437028361,13.3221175195845,8.83460555151635,F,PASS
GSM1235607,11.8966236784036,11.3911623886625,13.4111184310877,8.94197986989419,F,PASS
GSM1235617,11.4909299981908,11.0130053105763,13.0087234165313,8.57831313983853,F,PASS
GSM1235621,11.6211394183864,11.1790103746891,13.1378651407026,8.66919033182003,F,PASS
GSM1235632,11.6600045547894,11.3101415709315,13.2896542645815,8.81021325451225,F,PASS
GSM1235637,11.7893224995869,11.3762149285168,13.3906240483303,8.9109430838591,F,PASS
GSM1235704,11.4619197156344,11.0748675530049,12.9985709007137,8.59804629711791,F,PASS
GSM1235714,11.6085308710893,11.1697870265952,13.199536592503,8.69796581460584,F,PASS
GSM1235742,11.5709556897807,11.1620813366183,13.1945798510454,8.76672405620735,F,PASS
GSM1235752,11.7474911668193,11.3217100696124,13.3769318204043,8.87450989427365,F,PASS
GSM1235538,11.7955970520295,11.3440241161393,13.3407881206222,8.83078024107293,F,PASS
GSM1235540,11.8010520976309,11.369305637493,13.3891875008987,8.81588715235767,F,PASS
GSM1235573,11.3731151896949,10.8968323980384,12.9233022149322,8.52698254066898,F,PASS
GSM1235576,11.7866246766934,11.3300336438662,13.3377451030952,8.86616875590154,F,PASS
GSM1235787,11.2124783436299,11.001123138954,12.94317771438,8.62218362274831,F,PASS
GSM1235790,11.6299538887698,11.1974779354241,13.1996730675415,8.71875532941838,F,PASS
GSM1235891,11.5524365550085,10.9841959830062,13.3800594344646,8.60684752617347,F,PASS
GSM1235904,11.3790814038475,10.8964435877944,12.9356504085401,8.47327442141719,F,PASS
GSM1236006,11.7350049785242,11.3347118042503,13.2592398304073,8.76361098502989,F,PASS
GSM1236043,11.7464348740995,11.4133912884675,13.3411383379507,8.85456398846086,F,PASS
GSM1236142,11.705124249824,11.3784694006205,13.3817596274411,8.7581463870278,F,PASS
GSM1236347,11.8411864458169,11.4679092491688,13.40332649388,8.81304369874142,F,PASS
GSM1235594,11.4005997337965,10.9483391310475,12.9696795139069,8.53389913180393,F,PASS
GSM1235601,11.5445876384473,11.1074910356909,13.1663987421249,8.55671413686238,F,PASS
GSM1235625,11.578623740133,11.1859165081378,13.2605995550215,8.7742681687509,F,PASS
GSM1235640,11.7298642323651,11.2201338449094,13.3194032000479,8.82280825867385,F,PASS
GSM1235643,11.5063952404404,11.0081834289773,13.0912438635056,8.55674280738574,F,PASS
GSM1235646,11.4850698402655,11.1371009983911,13.1301165544784,8.5582886282976,F,PASS
GSM1235657,11.5307811069367,11.087325659785,13.1317021694021,8.63543637658761,F,PASS
GSM1235660,11.6755293024913,11.3074004075684,13.2798753886913,8.68426865145637,F,PASS
GSM1235670,11.6149119478426,11.0283741405541,13.1626226498016,8.59315162479906,F,PASS
GSM1235683,11.7196809995646,11.3039159610987,13.2889840193605,8.73971471874373,F,PASS
GSM1236377,11.2849031375557,10.8765986991577,12.9293240440186,8.52935032668949,F,PASS
GSM1236378,11.4896705852569,11.0246494056726,13.0647303076355,8.61736813449416,F,PASS
GSM1235619,11.7941762509999,11.3934258881285,13.3469801104887,8.81003200672702,F,PASS
GSM1235644,11.5611920096,11.0829849956081,13.1017202475264,8.58820044332244,F,PASS
GSM1235677,11.8527251852276,11.3650466613315,13.3195714754401,8.81374074461916,F,PASS
GSM1235703,11.5444994009403,11.1019815407292,13.0737765700988,8.63164055553152,F,PASS
GSM1235707,11.4291074599229,11.0502122734806,13.0158949681573,8.61026425743766,F,PASS
GSM1235708,11.7935515056817,11.2609897533596,13.2972093085611,8.82878210039469,F,PASS
GSM1235740,11.7191222184693,11.2949992422503,13.3214912546274,8.84589124748273,F,PASS
GSM1235757,11.4619852358538,10.9219114774678,12.9849435162594,8.61825820202607,F,PASS
GSM1236373,11.7001734199868,11.2954854988986,13.2643001656458,8.70167176386826,F,PASS
GSM1236374,11.6183223751413,11.2492748595841,13.1912791635737,8.66159808106336,F,PASS
GSM1236375,11.7160441737808,11.239256099868,13.2398040154704,8.76364684740233,F,PASS
GSM1236376,11.6589960512242,11.1869388858569,13.1525961886168,8.69317584965486,F,PASS
GSM1235606,11.4212723474482,11.1432791320111,12.9986425515801,8.5812029291005,F,PASS
GSM1235611,11.6462055023496,11.0912923401575,13.1904432372132,8.67916122913031,F,PASS
GSM1235612,11.7285704954495,11.2843637688004,13.307853238008,8.68787866635788,F,PASS
GSM1235624,11.8225972530516,11.3811390221446,13.3758643737864,8.87815335268989,F,PASS
GSM1235631,11.4969355465472,11.0737527635517,13.0926601885822,8.66500287455924,F,PASS
GSM1235638,11.6615287133775,11.2433835872239,13.2689897490201,8.76059392486513,F,PASS
GSM1235655,11.57293895038,11.0839577800699,13.1134917765314,8.6333867061313,F,PASS
GSM1235661,11.7194110227781,11.2837488697847,13.2881536902608,8.72684262338624,F,PASS
GSM1235680,11.5371720834104,11.0356688212858,13.0205125636228,8.64968670248041,F,PASS
GSM1235706,11.6530381360632,11.2198034925407,13.1729402859546,8.67748964740839,F,PASS
GSM1235711,11.7582413635061,11.253313264157,13.2947112147763,8.76544249922561,F,PASS
GSM1235730,11.6484793369538,11.1731280550597,13.2107557959977,8.7078043052324,F,PASS
GSM1235727,11.6034279227085,11.0790774979774,13.1435406974967,8.71102005003839,F,PASS
GSM1235764,11.4584553087578,10.9638279599061,12.953859860845,8.60171802829554,F,PASS
GSM1235781,11.4864577238925,11.0329464962303,13.0441465930514,8.64337593163076,F,PASS
GSM1235782,11.7414213349855,11.3937206907968,13.3746365311847,8.76481268032029,F,PASS
GSM1235784,11.6554876928345,11.1862295410274,13.1846066851911,8.7288399960411,F,PASS
GSM1235786,11.709425084817,11.3291808194256,13.34868087682,8.93198008545707,F,PASS
GSM1235789,11.7018140928153,11.2196369660773,13.2651243972729,8.81941089046985,F,PASS
GSM1235793,11.8877858816827,11.3476282598113,13.3885582801293,8.89787027365614,F,PASS
GSM1235804,11.7879233469861,11.3727381411285,13.4147777340353,8.8729102323566,F,PASS
GSM1235806,11.7206705261946,11.2317574256277,13.2711736626355,8.80872954687894,F,PASS
GSM1235809,11.7176279247607,11.3412067946093,13.3079963916283,8.78712183956721,F,PASS
GSM1235811,11.7367680896993,11.0869001624423,13.2570814402895,8.72465516761276,F,PASS
GSM1235600,11.607128962336,11.2143583353127,13.1527198585245,8.65656839775492,F,PASS
GSM1235620,11.5977342502161,11.2044315576826,13.1656122100831,8.66665273481903,F,PASS
GSM1235628,11.6621530299192,11.2531456433149,13.2035911523092,8.68149906865902,F,PASS
GSM1235649,11.566687011604,11.272881592449,13.28753075474,8.82189713030614,F,PASS
GSM1235654,11.5703087718594,11.189990378144,13.2156894150139,8.72419114844863,F,PASS
GSM1235664,11.4331320384305,10.9648084842899,12.9900217377435,8.53006235429885,F,PASS
GSM1235679,11.6662044085634,11.2999592912212,13.3052017540058,8.84797973499096,F,PASS
GSM1235694,11.7203291988328,11.3224716444744,13.3316668121225,8.85171239949023,F,PASS
GSM1235721,11.4848457724874,11.0379212712566,13.0346929204945,8.6144049010539,F,PASS
GSM1235723,11.6924620797691,11.3126611455448,13.2892814753073,8.82799304052654,F,PASS
GSM1235756,11.2199433968401,10.7884986625669,12.8143219436156,8.42895198693868,F,PASS
GSM1235760,11.0707539135287,10.6472471539039,12.7156226738543,8.3474669591996,F,PASS
GSM1235546,11.672601651254,11.3288082288693,13.2182819693402,8.70576625508297,F,PASS
GSM1235556,11.8866643442473,11.4419685262233,13.4136672933133,8.85223363499474,F,PASS
GSM1235567,11.7111229104713,11.2038776394634,13.2048813805298,8.5499546038067,F,PASS
GSM1235578,11.8203150091248,11.4117692241223,13.3525700229986,8.85244816853591,F,PASS
GSM1235579,11.4212800078262,10.8918339907998,12.9190674063126,8.47166988258872,F,PASS
GSM1235588,11.5021604658635,11.0938637545148,12.9953575161804,8.53419184690284,F,PASS
GSM1235641,11.5935921054421,11.202106349138,13.2338694567337,8.63262047629508,F,PASS
GSM1235659,11.6732792001849,11.1864202816711,13.2300646128786,8.58626751838319,F,PASS
GSM1235667,11.7388646375953,11.3842552185268,13.3082873444135,8.63500387427871,F,PASS
GSM1235672,11.7131339285902,11.2442247412733,13.3158447913623,8.59473821200278,F,PASS
GSM1236371,12.0141160440161,11.5142651330664,13.4912813656549,8.9210588838401,F,PASS
GSM1236372,11.8949630488142,11.5124975123686,13.5087207363191,8.89424555104924,F,PASS
