ProbeID,GSM1920450,GSM1920411,GSM1920405,GSM1920406,GSM1920407,GSM1920408,GSM1920415,GSM1920447,GSM1920448,GSM1920413,GSM1920423,GSM1920452,GSM1920410,GSM1920412,GSM1920414,GSM1920416,GSM1920417,GSM1920418,GSM1920419,GSM1920422,GSM1920409,GSM1920451,GSM1920454,GSM1920456,GSM1920449,GSM1920420,GSM1920453
cg05228408,0.465365700740795,0.441084507144168,0.47330064587862,0.447226138373872,0.411961719493947,0.463071059990366,0.474437133755895,0.391319466149704,0.45364271875185,0.410624068878507,0.419557031304048,0.454228281229671,0.409534254798688,0.390691156876761,0.42099474450395,0.39870533715693,0.37570368177525,0.302811690578326,0.457224815089028,0.445468253031102,0.443321885543686,0.446786701379768,0.38604734989378,0.46378309640067,0.599057994378827,0.468165888908575,0.418675764154969
cg16352283,0.217527073882493,0.115645847234708,0.135726688362163,0.105926519781753,0.158061297262269,0.176705214429065,0.179127502865795,0.333357010301612,0.275414301488612,0.164668230695338,0.1850743647958,0.293906473994459,0.150816820822951,0.119261386196106,0.11292675217789,0.163335626437263,0.138207783168006,0.175207724084683,0.141522719670129,0.217557167309556,0.128553120458168,0.224059426642927,0.128057511963965,0.219055540858105,0.22442601327351,0.121750014677113,0.22688994334989
cg05436231,0.209623243006115,0.026594992733799,0.0320050498538304,0.0288556743876441,0.0290191015060313,0.0814373998164713,0.0715954048059145,0.299975307828483,0.187596077062386,0.0395147977540315,0.0547325933720835,0.145976070266969,0.03234926868711,0.0291127171697413,0.0272318765384381,0.0303681063348512,0.0275487897281063,0.0638290079362055,0.0310833099767409,0.0539562672848177,0.0360168893294598,0.140132175627865,0.0364871637093064,0.0988164940537558,0.168281603765061,0.0343078985472807,0.204634560060206
cg19046959,0.0896546083186829,0.0653725093161517,0.0523431825926222,0.0394018776710566,0.0226641046917202,0.0693894033899259,0.0756598457396154,0.0535396890728491,0.0535487670652479,0.0323995517179753,0.0323615476895165,0.0433189332372494,0.0353397118506152,0.0429172581356434,0.0615560440839183,0.0414694278384897,0.0523030940276226,0.026765135896151,0.0683006774333371,0.0348194294442592,0.085311595683402,0.0708191929945456,0.0664965372476269,0.0638842937861541,0.135540764185713,0.0837199382089955,0.0425840349645423
cg17791651,0.475998807208759,0.150629280585018,0.188404489519119,0.211563493660898,0.254631305505973,0.286628617687285,0.374674255942496,0.509064583056596,0.423187566853439,0.284543983300439,0.29627640320361,0.48956482892702,0.253508047389438,0.234557169615655,0.240259331986946,0.266546192105834,0.325842655990624,0.347180305678947,0.226810498166811,0.312567452649247,0.287917783162071,0.476950418567178,0.215504711600289,0.338513791773111,0.346156865633271,0.181543879536327,0.510639430233276
cg07388493,0.599153402310732,0.712221492557812,0.710079390011545,0.658209822145588,0.620343493090868,0.586059484917412,0.526802718023706,0.562999520005983,0.575422978291716,0.582489240499093,0.469417943777441,0.533199677684829,0.606757651136386,0.659953840478858,0.716415200835622,0.600472112349953,0.589682467279264,0.434377753199864,0.685892140439639,0.512307416688786,0.609755417643832,0.54924162616869,0.681557990344057,0.55615940110299,0.720352062591773,0.662496458910368,0.526081976650451
cg04036898,0.687993561825023,0.758806614797945,0.728130501067039,0.661427337125512,0.606564832534246,0.705473751533966,0.671563222061228,0.690630459141724,0.745252637448787,0.604988206507457,0.603409111164382,0.682173685236593,0.656470343028358,0.659305584924423,0.711761137605202,0.642005364712036,0.674431056072456,0.601349042814292,0.714065149912659,0.599629345442664,0.638137327987202,0.742051617252631,0.705643843185078,0.650188769795829,0.840501005907204,0.720717290355207,0.61432623239453
NA,NA,NA,NA,NA,NA,NA,NA,NA,NA,NA,NA,NA,NA,NA,NA,NA,NA,NA,NA,NA,NA,NA,NA,NA,NA,NA,NA
NA.1,NA,NA,NA,NA,NA,NA,NA,NA,NA,NA,NA,NA,NA,NA,NA,NA,NA,NA,NA,NA,NA,NA,NA,NA,NA,NA,NA
cg18660898,0.216018119996526,0.413938294849164,0.222790441567346,0.141319537366823,0.133729720616505,0.300093530338995,0.1618504824732,0.136890171149477,0.163352665268075,0.147795054119372,0.0970539499642837,0.126709705552396,0.202218556948745,0.258716331601425,0.292225567580654,0.218739125124211,0.158992239215926,0.0843283547457263,0.261819514386107,0.184083430996405,0.322736771281258,0.124055037849085,0.312048923178398,0.187910526658231,0.380026927569501,0.353949865586975,0.118586018371567
cg25256723,0.818335761291465,0.731814950919552,0.70234679621062,0.732470441149821,0.666378380580092,0.681795755926282,0.759005016252026,0.713150876945996,0.793133054923664,0.656286297688159,0.612093592386996,0.780239756479692,0.713540349055682,0.660765649006357,0.722687859918052,0.725631594939441,0.663850441582059,0.573025818364105,0.717420414960257,0.666535143268461,0.815698436900084,0.818426116445107,0.785467308286595,0.736267915892983,0.846381135180489,0.658999882409979,0.697557361120168
cg21870884,0.177046150559142,0.0577811014935231,0.0612088783705482,0.0823256006679938,0.0863086237955227,0.139197639238211,0.194893972492525,0.219742321202856,0.191979488972045,0.118820656130176,0.107898606232251,0.233621314045153,0.084511843951547,0.0538792649482753,0.081651782125196,0.0952893900607646,0.0796132889964387,0.184339774424601,0.0681113386626527,0.11329007110823,0.111476076018962,0.193440505044004,0.073152011576627,0.157415601739645,0.142245086687008,0.0741198136539754,0.217656833297878
cg25947945,0.156700287953769,0.0408604102774426,0.0444340674164782,0.0344629608900917,0.0491795297444671,0.0766754924613002,0.0995127783603871,0.118202953707773,0.122763494588807,0.0566195430538918,0.0707731286184633,0.154924681177544,0.0649707573819417,0.0384670089058685,0.0488052665444529,0.0596807066333305,0.0527234155020167,0.0715084280105992,0.0607106485711281,0.0770545744698835,0.0821489672986953,0.166094349528355,0.0509318692979325,0.103755688663974,0.13314069887213,0.0446994380928697,0.211768082958626
cg09462576,0.520645170281439,0.561984908637472,0.434520591341977,0.299333479488428,0.368320582568413,0.619030568633825,0.529029666249226,0.518296995479265,0.493119169809041,0.480656519893843,0.421900681556723,0.629198383779793,0.470446843887635,0.458236985407045,0.47419077419639,0.459993146699895,0.49124050792557,0.367436310052713,0.537394656033777,0.547946357709868,0.498041748524072,0.651758493972015,0.558835461065352,0.546257669462612,0.801767245866342,0.591855152238594,0.554067287845996
cg09809672,0.822733778673069,0.712484899105325,0.65328390617473,0.444743746881026,0.466025258821055,0.609592819721029,0.488984523155483,0.53899149685782,0.684154029142149,0.507041833339613,0.503878436508135,0.665113092506331,0.512047626995012,0.538222276694749,0.615084149876107,0.462754868775648,0.422539135359726,0.24160118881219,0.596438497331607,0.465935443554592,0.681392904689937,0.704412712430806,0.725370641614672,0.549260121263674,0.878906533512297,0.694203183830442,0.521578494167726
cg27553955,0.241564012259026,0.171308224056323,0.275078377923982,0.28128468191063,0.331997167743422,0.237193243519822,0.322960562579658,0.308423797463089,0.287577369873492,0.289280019439447,0.338435397870264,0.29635145864931,0.296479036246248,0.195681186743396,0.239941953715479,0.287118138324346,0.316473544489279,0.335527278553693,0.210054915156992,0.282786466583775,0.197446481453864,0.261443918438105,0.206390596302407,0.322282589466583,0.199469050107992,0.176971581845629,0.290437183744668
cg27320127,0.0939774781208503,0.0712044076023216,0.045635639407368,0.0602045990030736,0.0710514796942532,0.121252828287795,0.145789614868194,0.131532232089162,0.0777027526656369,0.100588320817335,0.12149223926049,0.112469560989307,0.097475064939135,0.0761997352496429,0.0660526772519392,0.086382156059623,0.0956648112865182,0.183661150679789,0.0758550550505968,0.152386525347117,0.0808269793310219,0.0737060687864959,0.0799011511239091,0.177320334159522,0.0916965501108462,0.0607022021190601,0.137908698550001
cg15297650,0.563805614049832,0.401902559346287,0.458809598118694,0.489288261520619,0.383003205018379,0.493325916022153,0.457279264043095,0.494124789018291,0.566513119028849,0.353612632124736,0.341387420933554,0.537981983267382,0.288058054903868,0.376306222204879,0.386476826776218,0.332218490546617,0.335337179884083,0.277600270900329,0.432080701072748,0.449312932927207,0.427174895208552,0.548884853631425,0.462052925585023,0.448115552081867,0.659653354829976,0.476647170478093,0.407776298759381
cg05331214,0.920831781998573,0.969281238173842,0.947028118012976,0.935053805257901,0.961449886326871,0.934187462598283,0.878328681242078,0.885558948244077,0.919836887205052,0.910733481418352,0.885049903397864,0.884123473099806,0.922358471864605,0.939228766093601,0.963815586091334,0.969213157393847,0.886064315159084,0.898647846749023,0.937479775381195,0.847560910366656,0.968855396071544,0.944227952397864,0.934878940550421,0.858069595265259,0.968835041005601,0.77569682616045,0.887266343324933
cg24178740,0.285771417114802,0.203853921101147,0.234692658817317,0.26910941994003,0.251213377782217,0.248912078240392,0.265252690593869,0.292110711202226,0.300765881025925,0.256198736218011,0.276229198035505,0.294906147267139,0.267722191228123,0.193725510354192,0.236231655986242,0.240614426861313,0.287804178160644,0.271498362063065,0.223917497070008,0.267596658208515,0.231001297070331,0.286039665561594,0.222183832871667,0.249922162552844,0.243733494437646,0.206972924883602,0.272971589337284
cg18182399,0.0494485000793931,0.0180162741101793,0.018437278786117,0.0212925680651523,0.0308556993771399,0.0523625590660746,0.0375871669926829,0.133490790774791,0.0596394762892048,0.0284691271627176,0.0556746141702814,0.126827865393831,0.026045752597799,0.0212473183290324,0.021188785645441,0.0309120954492146,0.0249014733986322,0.0361545479803016,0.0182994698536462,0.0423036850776314,0.0258765044760553,0.0475463238722182,0.020690701574562,0.0775962240931781,0.0324374852517596,0.0320482261177278,0.0861235228675067
cg25431974,0.288064501710055,0.0709231221804647,0.0688733318800504,0.091629281138364,0.126908631257677,0.115071169018311,0.172141784672048,0.313338212200081,0.254397909741789,0.114970856528054,0.131761416056324,0.258561019627268,0.134538543223403,0.108032259366927,0.0832868178540712,0.115545240710084,0.162777233621643,0.145848757204981,0.0996980346403692,0.135631201397987,0.113938843420967,0.317017923846303,0.10449942316848,0.129446372369655,0.253877962263489,0.119480043385853,0.353690926713204
cg24768561,0.340321263262317,0.199229214764412,0.222129817285803,0.235352752218759,0.223898974720906,0.32866487913435,0.318444658068355,0.400404204698694,0.32676133033781,0.246907581991478,0.272819100459886,0.382070486701575,0.256580651634611,0.188187978172367,0.2156766483929,0.243779597700892,0.234944332895783,0.276443652973831,0.205593161871471,0.341852861385536,0.22201375523477,0.325864366142855,0.206209764245065,0.327634760256711,0.295306879195736,0.205117311336202,0.408464012200158
cg26614073,0.595893553097764,0.582262082729021,0.585300621602045,0.505547222480668,0.4966086430333,0.6086252425187,0.514325850503737,0.410446200408879,0.564504627393953,0.418806161069149,0.428051777114842,0.620394326496517,0.48268472283418,0.506118044929148,0.613209295611675,0.483855349268625,0.495660928483939,0.386326072073854,0.564938145307725,0.522548013293016,0.55695848114042,0.55663206966831,0.606606132616068,0.573568322702388,0.738120067891023,0.669469934655183,0.542558873360695
cg23320649,0.678172562955428,0.626573776629837,0.555869004072483,0.510400676701566,0.427254578169046,0.641697446454576,0.499890887544665,0.544219508634674,0.574313014194216,0.462005871682408,0.383670495113872,0.602603182081181,0.450221069595687,0.529416592199453,0.578396077924805,0.480149889117001,0.490786662084259,0.366728996367538,0.559431225236103,0.536233061358241,0.594861088228027,0.586034676367102,0.642803322670889,0.525654998320754,0.806358334866194,0.643285625202022,0.572481001689779
cg12554573,0.762966275567518,0.68474934674956,0.735839680595395,0.760403507178361,0.70825982497137,0.73520450671588,0.703138036997258,0.694848458289633,0.815995107152064,0.635675831367452,0.616997742990667,0.798700229294639,0.659235339343616,0.654370468608712,0.702581406806419,0.718551173990353,0.661285320732788,0.608965923196532,0.727202945692194,0.623405994546115,0.649554075268035,0.759591086382689,0.723014224090809,0.609384916818807,0.883552923020344,0.776658905620848,0.717113115068108
cg04474832,0.302958057450694,0.206003055545524,0.169109155294169,0.144018741598105,0.122923770636507,0.192814917184117,0.126402684771057,0.257974112505104,0.267529764892382,0.170218105307543,0.141240653522483,0.290474696244876,0.184047351090469,0.161621983216349,0.229699739217773,0.172375638585266,0.14662944889491,0.104532298851937,0.234608867285758,0.186808384353349,0.156154633258674,0.292937165897092,0.194336437294402,0.15200474042942,0.393647794901321,0.249318635298687,0.221834822374265
cg17421623,0.379756766363269,0.584950412728926,0.418064457561243,0.28546113595778,0.178797425602231,0.394865270918302,0.315259378888569,0.334590595815464,0.31643993680218,0.324508348579301,0.245620367990749,0.431422665584732,0.271560639842003,0.443407555093763,0.378194253012282,0.319056583785206,0.393705700060468,0.2706040797448,0.426287916275598,0.314790903627159,0.337413023578268,0.392703199466464,0.44764752952377,0.452438409000549,0.652974869589962,0.496829712029194,0.255662303611719
cg22919728,0.447424824455329,0.381309404841498,0.403776966316114,0.29083675939126,0.310622290776403,0.404148831094544,0.360407456584983,0.316350538898226,0.377485426440251,0.326485714103156,0.209667435814853,0.276328959185388,0.278313688224908,0.333893793801524,0.327983322671097,0.355259551821209,0.345147398220243,0.248434494953213,0.421579023525998,0.30846765458819,0.418453831610702,0.416731283920629,0.37441660824688,0.403131004049208,0.60110475354952,0.501379992910462,0.276955882413516
cg14456683,0.237405657389633,0.202255215817409,0.206150078852293,0.21731889140991,0.209532183145046,0.262527522168249,0.293861573566078,0.265966301506339,0.234914985928268,0.203767347238427,0.228065817858075,0.241053145104957,0.217470075772372,0.179897644671654,0.197846848155854,0.195978315587771,0.260505512499994,0.256623995884859,0.215325650910353,0.318018528105245,0.229101687379195,0.182645817661533,0.226157389416381,0.332773227892244,0.280381023109504,0.213962751645933,0.246463795086879
cg08209133,0.0712041707311415,0.0852843855407408,0.0796205867371337,0.0696785550072635,0.102221953210221,0.100647465471944,0.103754441573269,0.165499569744056,0.107926631792996,0.123757455188453,0.131292974474741,0.115095678899454,0.134202297085358,0.110212588449312,0.084514506342212,0.0961241649563482,0.120815375394405,0.146736838020585,0.0879355532812536,0.134359451461523,0.135853213921325,0.0748930634014715,0.099275892273718,0.140765807880305,0.0932384786749421,0.078462723535673,0.111712075402429
cg16744741,0.531082036575079,0.874781902618546,0.821564971446381,0.646987809110867,0.607902169302451,0.822960066552912,0.573039817779641,0.424693695468809,0.417112616721226,0.611830496377251,0.543130881072858,0.425874053926306,0.573407518160001,0.659249274310056,0.681233109412451,0.707464411807326,0.546085770566041,0.459099253707916,0.700377371709178,0.537996719824041,0.631266301551798,0.447417612257401,0.768720243579624,0.632981842502504,0.811457965728816,0.863014577517318,0.368263082762732
cg00059225,0.269983699515146,0.281825173391215,0.280896664172807,0.36502888315084,0.308937329756539,0.440722010395614,0.356759971051666,0.36094402509685,0.301084915394985,0.327836113470346,0.369370787710566,0.308782854281198,0.33242880104945,0.307856282980674,0.283415289066314,0.299711523144392,0.328938759966485,0.424745502398078,0.300317715421022,0.420912299705645,0.268448869599208,0.326862573071356,0.282857746564809,0.434695025767553,0.371136755592619,0.289730547188477,0.327654028643956
cg00489401,0.141768413679175,0.0481259894528964,0.0604406915314785,0.0790726770075155,0.0792117857573469,0.139213875942096,0.144701078823851,0.226150524264781,0.183908657027955,0.0749436286962848,0.144715511543724,0.169714329254238,0.110424991292202,0.0741355104010821,0.0625429172553411,0.0869493662246823,0.106433578805791,0.164630078536179,0.0693844490076772,0.128072305974527,0.08906495559681,0.135740106028081,0.110290469289197,0.142911478191318,0.151278282327946,0.0793082480284351,0.171932892939684
cg02844545,0.081776341939274,0.0658002553720913,0.066486451559879,0.0913531860121327,0.0998119383152642,0.16321569797612,0.139366338014955,0.145953487617813,0.133471644875327,0.10004639105099,0.136987519327468,0.136424808016079,0.119461080155891,0.101059349733644,0.0946075300924319,0.0934693101954074,0.134067512335144,0.148658081657847,0.0836929852289304,0.149595039876783,0.116404725866154,0.0980453199900967,0.0827248231805759,0.161364016596434,0.138416454242959,0.0842891494833584,0.136649240365503
cg22736354,0.115963097770549,0.108583580485044,0.121800060697605,0.13342267195441,0.133649586552485,0.137648540393056,0.167049843804871,0.251227308767087,0.118794952272256,0.143230416916053,0.171343856474186,0.195364793154296,0.173505430611754,0.141989738708417,0.122693941478445,0.169823286752735,0.156456588702376,0.270633048199914,0.109897353719224,0.126206203181304,0.128920642556776,0.115758346935141,0.117394390696417,0.172830634915853,0.176566463642947,0.128248026169282,0.219582873886052
cg06493994,0.104196692665209,0.064525424373245,0.0696241304811008,0.0865633156881811,0.118072642863322,0.123400144234815,0.152740833760584,0.153674824401304,0.12503626428113,0.109131611131672,0.160701266630487,0.126509749769759,0.104561430455424,0.0791486827724857,0.0903918378336489,0.104489058337437,0.132909934096067,0.19023624584488,0.0907935804032046,0.137062591197041,0.0848904008139986,0.116917304721365,0.0939604185448533,0.178519462641688,0.085238295571437,0.0689345300202405,0.141236830336886
cg03340878,0.620441873341979,0.750016714685422,0.690760222924001,0.715250524209957,0.709361476072871,0.769436279328989,0.589635306316466,0.569714119656766,0.561469779419952,0.654270464283638,0.690568980934195,0.48288349533667,0.642589068447862,0.702043804371451,0.76445352877041,0.647893918670925,0.612857760616783,0.517558746078167,0.738705050346176,0.609430621387831,0.850807398546327,0.586269574399822,0.822594316149747,0.620072490422148,0.783862505690645,0.762344924307157,0.461123381469251
cg03958979,0.367196215922809,0.292391381097405,0.299535508232502,0.331386000463035,0.348255852760537,0.346876824147659,0.384300382001461,0.385029796617024,0.396686205477983,0.329376154859574,0.382643196822141,0.384978594980361,0.32656121347968,0.28283571368351,0.290184837426373,0.320603790166868,0.361578973854621,0.389711181853719,0.335198843390691,0.402480176129424,0.322959834166469,0.295329650731181,0.341640859763177,0.433687959006842,0.368805282426124,0.289162791249291,0.366401886027541
cg15804973,0.46798085546724,0.13214961689095,0.196695699941392,0.166450061434659,0.0608937023927832,0.0994974352291193,0.196851644638141,0.395191176391689,0.38751294241932,0.165549856578498,0.0781185606117206,0.443901281808862,0.0788508537302277,0.110475004687791,0.159094524544563,0.16353640628722,0.149113159761016,0.0432877751301901,0.306483711908012,0.134388709521448,0.304712725227175,0.466740772749261,0.221094031555241,0.159831196889713,0.586289868913083,0.218920091954902,0.366790875735275
cg13870866,0.230840512652719,0.157024579595646,0.203940920281238,0.223890401458981,0.214811757253081,0.252410641318623,0.265999847151014,0.263858692787694,0.263355127840606,0.226554277634822,0.245373284490862,0.242331678601433,0.234731565711247,0.206296129671473,0.203039512046987,0.228737857252186,0.260908839242186,0.290592979876103,0.218966832310282,0.259184087839224,0.201500638804656,0.197483243999876,0.223256056682674,0.315326402720288,0.211989250381916,0.191634750356927,0.226871325341614
cg00503840,0.085301884056289,0.0594125863096601,0.0630967884849181,0.0670742512324306,0.112861777515951,0.101657184232116,0.103362682440508,0.172716178088369,0.123701496584976,0.114750041563336,0.15122016823993,0.154084743890722,0.107418773703823,0.0756776236685961,0.0699664186737183,0.118455027612681,0.109109832486081,0.196296102031943,0.0690000356550456,0.140655501973845,0.0627362624953455,0.0960985760487102,0.0665147024187033,0.150088576719554,0.0992142481425268,0.0819434128059562,0.142585583390709
cg25762706,0.828229464131386,0.447543483238986,0.494266315977273,0.484794289192974,0.420890470109187,0.510436950855886,0.711775518578942,0.830721334938082,0.71401179112525,0.505083905419765,0.463596485786318,0.819331591225876,0.517250664584009,0.436140538292147,0.437535158297072,0.450229208466415,0.403494746053422,0.519240797127556,0.531211684730936,0.409324577181809,0.685409710601809,0.777335328596413,0.469233687399544,0.448130346197061,0.64221525218066,0.373759500436369,0.807962598646564
cg25538571,0.459973141067566,0.590733488474629,0.54451130714222,0.523439005542819,0.441327641147235,0.623619774367332,0.431224639031029,0.40327428985582,0.422803744597873,0.454638476060718,0.393030430612944,0.385235090983672,0.489047240240779,0.492795906637298,0.582745534107634,0.482330188650669,0.488949557930372,0.372387431659836,0.584016384726021,0.521348304099153,0.533667524043871,0.344700854757304,0.58078058749932,0.509804192992441,0.584797845577458,0.647616374960602,0.353549384551469
cg08598221,0.585683397177982,0.654937705542265,0.527796953374888,0.463073162549423,0.356259206207074,0.759131961289036,0.555192851367791,0.614354634676973,0.524525121886473,0.488153275685399,0.432871142174876,0.570160337562194,0.441189295672829,0.474828150068777,0.525933917733973,0.397681153870524,0.474760961589792,0.41087117039809,0.563407362284863,0.531892022864075,0.554832025076301,0.469342193575939,0.653578345014679,0.636632229497485,0.732188845093145,0.613464433176303,0.505282543011949
cg19724470,0.256583536302414,0.335383154480405,0.274069523749276,0.296380037850412,0.274126965366283,0.26063108020628,0.284389743376176,0.261567092185316,0.232198421076916,0.253647261991621,0.211564712639532,0.217156514206495,0.188646694354998,0.371688469763769,0.241176960568689,0.236127479481115,0.240499045450351,0.106266960002373,0.297588740458444,0.172468365728219,0.389299939815271,0.31904218982562,0.405644360709063,0.264724755441824,0.496633246685218,0.354721853166649,0.210393462509729
cg07211259,0.296479503465261,0.489377009238128,0.39050067625065,0.361219482590136,0.185055190233544,0.437957698772537,0.347631646234928,0.227727620442279,0.281116880742774,0.216733877265097,0.189412741700869,0.234808418773802,0.234911544815291,0.332536501355281,0.359684487546856,0.272493425542117,0.262688130320684,0.078086858129731,0.364060757212729,0.204018666791321,0.53408947233883,0.311763131032657,0.400767411840036,0.268975735024154,0.524978249866013,0.438245713893561,0.162924789882068
cg13870494,0.960741047157466,0.139039793064113,0.162469621174789,0.428730487613971,0.549982828877095,0.200226238827852,0.745073384893752,0.917421311580912,0.876066936686432,0.652047524953474,0.665575601416484,0.916948491339474,0.602253996741168,0.17795598295416,0.12133937609292,0.509344024894838,0.48262935337648,0.572701865682555,0.32769517286026,0.54508771374009,0.685466810209586,0.951278655308816,0.350686061416024,0.551932896735127,0.630702514732429,0.121692261773827,0.933331378952794
cg16386080,0.233793835065014,0.150535668072928,0.18464837761049,0.252084674402712,0.221530793230371,0.204885053345229,0.202287619405293,0.268350244955291,0.248666050773753,0.238314035401998,0.246501327480452,0.25229178524698,0.235970131990813,0.191945106461231,0.211868849422743,0.193941811288029,0.228987266267939,0.301088295639211,0.175601379609168,0.261274202040172,0.193945657705158,0.228682697113886,0.16807037608564,0.217598524129591,0.189277878336127,0.166033073110074,0.228162340026067
cg00563932,0.618148547232896,0.654222124276758,0.577001331204682,0.427286537565171,0.380132161373994,0.627461022636028,0.466475522307975,0.582219799312822,0.58017436639782,0.544804776000842,0.430853099548081,0.597154031847023,0.507362751600002,0.512952824635506,0.613949919235309,0.48136568340684,0.499566009016283,0.392325106669719,0.570563463063807,0.500809476332264,0.575777143968341,0.58277699368138,0.614006462443924,0.56330387240023,0.763772014893925,0.616262043412317,0.499135211804933
cg21120249,0.732026232143383,0.917159108183048,0.779721893978435,0.756875768688694,0.684932769402523,0.849858107034215,0.758270629044018,0.703874434009256,0.683309024532371,0.728603661231488,0.667293870131246,0.650317234767182,0.732758677759313,0.712389628770283,0.830390772660336,0.77037671824342,0.702538635496609,0.629025301634148,0.800461506673762,0.772525980967033,0.781717283152866,0.740748438486586,0.847129502275821,0.748866034718809,0.887393166801802,0.888416184923202,0.693530290915233
cg26581729,0.455138755334256,0.441966197398983,0.441981995775653,0.317765702778156,0.358084116986321,0.470642659819987,0.423362665727705,0.469916647061396,0.527376970806334,0.440814435640123,0.372373855238385,0.436714620031141,0.3381030653384,0.351460992002757,0.4307275027806,0.509010160667139,0.367260798274519,0.29920318129563,0.377655751467603,0.440851637546484,0.411482164906732,0.556294406742759,0.501998411940293,0.445724433764539,0.618938241361304,0.550905245295411,0.450204299482325
cg17431739,0.253696581131745,0.22299775839174,0.262947050667946,0.213347955080664,0.215391021390028,0.323873850791595,0.260607300575446,0.262259747484234,0.252319377094907,0.238124921361958,0.230101742560207,0.226818831151171,0.235242519175404,0.274235533619276,0.242448356088561,0.270038364603374,0.247083986756243,0.183190073656304,0.279484047284134,0.220259233290003,0.210848519469451,0.360491822333938,0.260123705701217,0.283308270057743,0.421762708262624,0.274079303523327,0.228957228582338
cg13129046,0.154787530723758,0.185794942951863,0.1981134068549,0.197359989187363,0.154074752160571,0.170457561219684,0.185084395363605,0.134408194144358,0.204775223859166,0.136281783260569,0.17927037873177,0.161394908749061,0.134118574266982,0.167877807639487,0.193773142597729,0.195915745806822,0.101937663262447,0.0885019831318288,0.150739955475446,0.200957084981442,0.15964884826838,0.169677748095277,0.209913781851081,0.189304922364476,0.24261953019994,0.192369271408813,0.0874085380658363
cg01560871,0.88737819692029,0.962358394082914,0.944230300922664,0.906552913055911,0.875665222689651,0.937916294926156,0.850472715073536,0.8337370348089,0.822048221775441,0.790195827488716,0.809494259353466,0.826976062720118,0.806626887668355,0.84053739862901,0.918833429959113,0.850330737983509,0.83680274339283,0.791404898267776,0.932909050908627,0.867346248456963,0.915924050310632,0.80107379421382,0.955925663945033,0.898351858969079,0.939826962599994,0.970047316547633,0.778106712970697
cg06291867,0.0927722636232135,0.154444488700331,0.151724809242553,0.105208783971219,0.111737768722985,0.184453770196642,0.119718227119254,0.189808434237374,0.118648978621303,0.149661912034276,0.155518272925215,0.155140474203592,0.147021519711592,0.136613394404686,0.1050785854646,0.14797053110844,0.134354266399055,0.162455579250424,0.149303353747819,0.166610197374201,0.114117041380503,0.136713562414254,0.115533802894318,0.165020205546,0.100813077774064,0.139607164993393,0.126074995184491
cg26610808,0.166758649975512,0.168657070859766,0.108374604757515,0.107520595823329,0.0705596021100253,0.151455301481976,0.0573707751184718,0.146054817233159,0.167315947108065,0.0389566584106733,0.0501880681297364,0.147191273718747,0.0887947739926605,0.108451042488699,0.154181471656717,0.101180130575132,0.10115803037609,0.0415527319880556,0.172203859927268,0.0518360454698866,0.100023815061869,0.16090258517062,0.140089856951504,0.0993554980866413,0.354321753406838,0.190782184209494,0.122376547178877
cg07621046,0.16066984753956,0.0736785857695469,0.0655664197294684,0.0849070767502114,0.103521383371552,0.122576886533289,0.131051911623446,0.238424930802952,0.176798930070716,0.107058725723092,0.106714250836365,0.180142761096341,0.125971438316,0.0887508791971513,0.10378843869894,0.0987599181897252,0.102148383958633,0.150474027700133,0.0921433452332701,0.156961786456716,0.119590887879525,0.186755304975509,0.0927554509919115,0.156726356891201,0.138822185834158,0.107254625915746,0.162127244172835
cg13807496,0.113892968520224,0.0813449012614998,0.0907406747235332,0.101116323160821,0.106431888246553,0.150019081335035,0.135936104958662,0.144252472853658,0.120187939162773,0.132116024178744,0.137482585143091,0.141077452715587,0.131701517687447,0.11143277144463,0.105392235385937,0.13697518741284,0.13802534482382,0.168065804630385,0.101419107913764,0.150072613205275,0.107431642129339,0.121744796901858,0.113975395871925,0.154870375810209,0.112307592519173,0.10556597725054,0.147827985536573
cg20654468,0.142339501278069,0.276850353917436,0.106606026170145,0.0858469805192586,0.0400066704025234,0.230295921447958,0.107439790395187,0.0706633488137204,0.126912642428338,0.0806720513670097,0.0950399473158567,0.189806063786196,0.0932130153947671,0.150587957512759,0.231611238588526,0.095827610118955,0.120023109079477,0.0461257249565258,0.156747667894754,0.116111946413515,0.271968830467005,0.0788670593072054,0.18949311813769,0.0955097082092128,0.255077981541402,0.293926101413025,0.0882310765614986
cg21992250,0.145294723687777,0.0799718924038103,0.064871916781454,0.1145309309616,0.11908541054088,0.127993041875069,0.112142548816069,0.234436462352838,0.18150038782041,0.124229972114829,0.133595953543832,0.191671998278141,0.147319115717229,0.0893616513501533,0.109753419362585,0.1522156612766,0.136926403395833,0.19038873209614,0.106696499460187,0.143851825608036,0.10685588253638,0.143840605272795,0.103603917046063,0.134400966375168,0.140027219845082,0.109692665859977,0.176981117917016
cg15538427,0.648124149991073,0.809773723063387,0.766435111562219,0.744930065019777,0.575234852141329,0.748627913722535,0.652591050510314,0.603224600096183,0.589995482731619,0.644395509220619,0.655650027528647,0.613042071101989,0.692997986467786,0.676247841435565,0.743332388797418,0.689586384891341,0.664435722683658,0.622358070598096,0.752400683533188,0.681879396247789,0.731261918067959,0.659510753524911,0.723383034847418,0.682506205282171,0.738987741198832,0.803353793920711,0.562778491939439
cg08012287,0.780168847074691,0.209393875041369,0.393039860585657,0.398910250126736,0.468846248424949,0.404495649514521,0.545912849011814,0.784230283711569,0.843656321652377,0.462920394466215,0.481709066609076,0.801079325835382,0.498047277535211,0.348956113965169,0.38892196373014,0.45112743016618,0.479921180016975,0.481401014612244,0.411164172992442,0.46997346785252,0.464412286212344,0.77991805355677,0.363812314183668,0.43699741468856,0.661145019941532,0.282945790258215,0.741449234536069
cg01820374,0.452198844948637,0.422209936569709,0.339053168925555,0.248406892621156,0.18427489892409,0.298393540990209,0.274335261177658,0.383245240837168,0.473511949216941,0.244849286380377,0.183511900306,0.415211959360375,0.254285909068068,0.249320346693005,0.367252276541908,0.261938535375356,0.259786661295626,0.174011013080609,0.364805295608865,0.215708057359196,0.456754336198068,0.418322138844444,0.424911879368363,0.23746972926773,0.666477052997303,0.484297375444934,0.342764340942008
cg19722847,0.199824254617629,0.07390251781451,0.124830948863261,0.0653615345835805,0.0810149866220894,0.159809531740576,0.0758478067863514,0.111212635650657,0.154492140049225,0.0562822077589553,0.0495519655377048,0.178138151385558,0.0813700073769509,0.077431799404953,0.0889716065282167,0.0541282429290069,0.0664624796920387,0.0311519074977417,0.119008271152398,0.0601872532924356,0.100299124910489,0.158226754594463,0.129563773733474,0.0891521909297139,0.319038852155227,0.178119516752948,0.116411901500762
cg12883767,0.523868601839027,0.178147456061444,0.263254942412105,0.305976349364001,0.292285223377602,0.256585247556801,0.328610684220825,0.510183177870608,0.532239599017504,0.319959435622427,0.29370705675488,0.518243947187859,0.338922309585205,0.222033962550192,0.271020850928258,0.277059919771872,0.34993900661215,0.342305932375883,0.302419061676202,0.329058821271827,0.327982553727822,0.477967929229599,0.28365680626458,0.335398050008391,0.341967491422413,0.248721646047694,0.444583214243292
cg04123409,0.429961741616478,0.62937691590927,0.488500950963134,0.390660556695244,0.316191922298365,0.609766992842834,0.431116941005446,0.351433381809192,0.342377720751702,0.387805396410202,0.323638161563373,0.362943902389729,0.354522454304542,0.445486097593958,0.572997151430598,0.401076218941658,0.434922727181907,0.294200793631054,0.498483024880341,0.502203372443418,0.541632683314341,0.341305405118613,0.547944776750222,0.48068550324704,0.576440335220656,0.62005018231382,0.296261061858681
cg22580512,0.880656290628958,0.95141711186295,0.897984573060339,0.834389896381962,0.837824273007729,0.905865249176826,0.802954758143268,0.790668814287478,0.768222117710582,0.888709920089841,0.876097216233013,0.79141367569719,0.835406886151576,0.871060814232635,0.864794535555001,0.893879137778892,0.83953412270731,0.843920120710182,0.878584085950515,0.91536095036473,0.860104640161211,0.906646435493443,0.892786393687707,0.912813552979367,0.939355756056458,0.913388493754757,0.754733233610605
cg25268718,0.689712048130986,0.576800716555896,0.619569149890832,0.544223313863273,0.503610205264579,0.593515243312197,0.549631630785644,0.589428681562356,0.665816725669605,0.478077912286966,0.440445145261684,0.680087367115096,0.49627382471378,0.504708855769691,0.569849390722765,0.450894689009816,0.527947103856133,0.429375783635072,0.569176392436592,0.528124218892347,0.579269007715025,0.641076142844835,0.536309466471953,0.585115851750588,0.795476226662713,0.618906586950348,0.56197520358788
cg21296230,0.0653122049609126,0.0404522642221252,0.0558463362872895,0.0605005500496307,0.0690113550325181,0.0691756298832281,0.0658490347133065,0.114057652961212,0.0748393595972788,0.0905688265348997,0.141908867351582,0.0786033000173021,0.130127143010289,0.0515934045756674,0.0625544896251412,0.0925087800799391,0.0827751873892443,0.180283066559561,0.044234415624125,0.120201503320923,0.0653729325498115,0.0497751226861188,0.0797667797076815,0.0976551580373543,0.0556708542452174,0.0451150835083606,0.130339933873386
cg21801378,0.0251435357380328,0.0238447797278438,0.0218496706030075,0.0197001137432112,0.0246510927503013,0.0411854404747704,0.0278676409268923,0.0381968812308972,0.0281876264005066,0.034122990995664,0.0325162326362595,0.040203718103467,0.0325163167115626,0.0299746829078556,0.0260278340562075,0.0297277051705598,0.0341299823281526,0.0437237210472095,0.0300001891730927,0.040938779692571,0.027615866737242,0.0261602917539976,0.0237766612964119,0.0478846413359204,0.0638894749428692,0.0355883774512356,0.0372710098525433
cg10917602,0.785680449716447,0.958198549199989,0.826746274374311,0.717996733247416,0.694680197844369,0.893169014307186,0.849188046721817,0.804794691575228,0.824179430551066,0.666119879165604,0.708556655730964,0.777654642882712,0.693272647593668,0.777010406363057,0.818546023811324,0.765310545923931,0.769409311497237,0.614526639736075,0.795312344568573,0.824143418101492,0.811257932706453,0.846333130561577,0.882973554003308,0.878696260218635,0.96720210655186,0.897926056874957,0.751746333306915
cg15195412,0.620452821494008,0.478878002119877,0.469071445245486,0.349833488763441,0.409380981988114,0.549952815431752,0.47451296329568,0.526989614093116,0.579536732895291,0.461930393814568,0.3514097784326,0.536223249201401,0.427223225336477,0.380555514530477,0.490171993339338,0.484032497172456,0.432864907821047,0.355995492814831,0.538565161115546,0.44866031576884,0.604940747247426,0.652913394428809,0.568745085623806,0.513502738398929,0.751778569362833,0.683235654396495,0.541717208324896
cg20264732,0.311951518544017,0.0267225078921498,0.0500807603972178,0.0546355541227136,0.0569811987356077,0.0544471828863231,0.0973715765161665,0.362556098664077,0.326890026285659,0.0726938316065606,0.0725337603662457,0.315290418383555,0.0694985976572207,0.0314598428681769,0.0692038086770567,0.0738088936252105,0.109837913726924,0.134780579819665,0.0631632722927147,0.21118610894351,0.0470693682190532,0.231094281196846,0.0541596226459609,0.0673117271899001,0.239652713953603,0.0861688134838164,0.291844450569999
cg22947000,0.582681579842984,0.367041293328536,0.385108861624219,0.321596867376601,0.169953915509844,0.449574469557485,0.391836614281887,0.369813497666528,0.440178550658638,0.301365905246965,0.250703841226011,0.483787613882191,0.326024262016622,0.314998836998518,0.404012574906719,0.330752457228288,0.269233993333292,0.137514626896487,0.398300678537266,0.326959108353432,0.462415759207205,0.561066956823182,0.536519604452504,0.351715009755979,0.752547052617612,0.372589859776664,0.416506176214239
cg02228185,0.952865821198085,0.932728380499601,0.962436308411257,0.971651513662955,0.884506460185103,0.964770345831067,0.955576499074818,0.902865921244259,0.933249617135465,0.935785550014064,0.945243858584734,0.872725159206492,0.956085172671334,0.964173422422297,0.939931150814821,0.908218550860674,0.941077912500865,0.880442255476527,0.972219785751708,0.942290989811486,0.963455631708455,0.939850964125623,0.920017972238672,0.844440880294101,0.967762284853918,0.955701383115977,0.852923164178201
cg01739167,0.346485252318874,0.340765798132918,0.378993135524906,0.305729573559328,0.257365822989288,0.231461784026837,0.366761215764664,0.407468709817871,0.357744984864656,0.332160115763284,0.284156858589935,0.399835236823935,0.394850157492685,0.300127666958321,0.338344788611639,0.337024806352524,0.354551472672143,0.280958113221552,0.388905087914221,0.228789402750696,0.316847225491258,0.377205116111933,0.359944841014705,0.28036350520168,0.448488581473167,0.354792308734368,0.40514032080732
cg14918082,0.603510411055729,0.317393067750001,0.373174952287336,0.444087749606821,0.653457685135847,0.436287427708799,0.71223254596239,0.897627184919245,0.778925538317886,0.517742974989782,0.710967481957922,0.851201756676558,0.600622367390482,0.400621351434613,0.557428335533756,0.792851203014551,0.617373380620311,0.842308109438308,0.39009629522527,0.777774503331703,0.483160871941991,0.75150350747105,0.362623596400673,0.53135858786852,0.421430133084777,0.500910687826022,0.898887776035368
cg05379350,0.260341631271605,0.0471307493222679,0.0483311276260244,0.0194591616240616,0.0305998252184506,0.0394263204562821,0.029918586089656,0.255225782385263,0.271408236123246,0.0404919410411332,0.0391137521600574,0.246644038994632,0.0596271202726445,0.0678598003668639,0.0603867532687938,0.0713746352691672,0.0614221575899535,0.0385751417941477,0.0967785068549001,0.0558329210877345,0.0757346214522404,0.245193938499004,0.0543060127417002,0.0446830990653293,0.452383306091652,0.137581359593688,0.211263609122426
cg08468689,0.247110501368491,0.306107539723792,0.241392041417473,0.151849008145094,0.190625910610969,0.303339230503276,0.211594814495009,0.200763334139915,0.289412181751886,0.224438061637921,0.202315524503118,0.253231626823702,0.264382130396083,0.213541697237902,0.28611717001464,0.254995008403785,0.240209521958003,0.159442986067646,0.248641341776723,0.213248551241153,0.29490430074164,0.236942367532914,0.349065269566678,0.207832985315392,0.363808628109574,0.332056601118736,0.148756855698743
cg08090640,0.59437495491419,0.705362790120567,0.670118159594277,0.577523906121412,0.595294447132339,0.661040059959836,0.548366859914666,0.490280462915517,0.567657167498501,0.556453863389222,0.52452472383733,0.530323223761855,0.64668480299125,0.593516073935108,0.676878241262224,0.63786026033847,0.546341586376768,0.470627540011544,0.601619612302205,0.572349396602336,0.687565124371611,0.6337269110834,0.685932649399438,0.585368140512913,0.779737173408787,0.68487920269707,0.511037281904773
cg25809905,0.850890400740363,0.890275507020756,0.855396911051832,0.797654620177,0.641817096566787,0.88986599377288,0.719500844399585,0.643472963951306,0.784555428068507,0.56025811033464,0.599155052065664,0.701263282084426,0.656404777243529,0.827213191835469,0.859358079843675,0.6643029422137,0.676683599986855,0.470297323877483,0.835133874448008,0.64282396872114,0.876676877629641,0.653707039638195,0.890349956408115,0.77809577989274,0.893837926842464,0.879454937251839,0.58291685350162
cg05294455,0.633625187377083,0.474628499488015,0.663162719527995,0.696106029438426,0.685998368406094,0.534516612378155,0.781084968745033,0.653966734237963,0.678827260330162,0.657389209061801,0.700554519903774,0.689089170832878,0.672077886758024,0.565584042716032,0.600705179619817,0.687071403024261,0.674269274655136,0.723973686684071,0.568288622229968,0.645298160716383,0.559689728491178,0.720848944709656,0.560912683715144,0.637228490768704,0.538064861720854,0.520522175272087,0.680610725850302
cg06638433,0.15847346580282,0.129797034323077,0.101519108847859,0.18237514344745,0.175919623509096,0.179218417014117,0.175546275662063,0.219147089795891,0.2068496947837,0.182211774842799,0.210795057410554,0.20076309792848,0.18465253275902,0.151907064934906,0.175474473065571,0.210985500338737,0.19893420413549,0.24333472364586,0.162087418868858,0.283011732760023,0.146707534827383,0.135871792562846,0.145959067888531,0.260435619984393,0.143306921558401,0.144632463164723,0.176759472391044
cg20366832,0.718516720313098,0.808106422953821,0.744203734252217,0.737002740505467,0.69525750330098,0.792151427874566,0.77304193362892,0.684419096334326,0.67479945384066,0.604691087198025,0.704067408059316,0.643919072317067,0.653230196794703,0.676777660864238,0.704995925848686,0.703326163482059,0.724130867447456,0.604980131765117,0.655770668740098,0.742586066643673,0.74149992874448,0.621157772413738,0.717038410735254,0.741739402764091,0.743048363207411,0.848074477303838,0.653987409474671
cg19761273,0.319049394232656,0.336023907940625,0.313066564786456,0.327397206832021,0.335584127416735,0.296221070589002,0.26992107144651,0.281065809701968,0.403899977706043,0.313100560038421,0.242917055552686,0.277927257043541,0.300799485246913,0.279611053228183,0.345510197432449,0.274417722494614,0.304663299400453,0.190225889991546,0.348974938304268,0.285987354514639,0.35864219870758,0.285716324462512,0.337968917762368,0.304706184044891,0.387887406612943,0.350395349689344,0.242987898318411
cg26927807,0.930215646034908,0.961593233979724,0.927483922000112,0.92933195798405,0.892002164604535,0.942310728543803,0.837820524671902,0.832040677919394,0.86854386820688,0.89916688053508,0.870930720959923,0.850765239624229,0.919641877754824,0.944104708125909,0.956370435158539,0.869940457824945,0.910976186044552,0.864861518628922,0.921191067248235,0.927275797774377,0.948550754797923,0.870408321817992,0.942123660185605,0.931660018118242,0.973453859959164,0.959473850107148,0.867438981010198
cg17471102,0.778364053954013,0.793962332988004,0.697215412488653,0.627338221384576,0.654184473284777,0.798181539692166,0.703365142377867,0.608381606357545,0.689527926281832,0.625137162591052,0.580495006721906,0.667528448715018,0.673836499639534,0.706644622154556,0.769832219340886,0.672566112246389,0.667993690665827,0.487400855878995,0.733906124168729,0.628672256610286,0.754051947780327,0.708317358259957,0.820922148444682,0.729804668616198,0.787059095430547,0.753246501925166,0.565422982959176
cg02489552,0.399567211173235,0.201635061686215,0.263171573343902,0.24667349748007,0.378637437562292,0.286564892150957,0.569759476954633,0.530822733611558,0.470851347145506,0.405715207864869,0.353262801251188,0.478742105102585,0.287476872893844,0.200631724226826,0.248354565788973,0.382302763710064,0.302175874362992,0.366989598931687,0.231707775928565,0.378351393876284,0.381496135217316,0.641309690881063,0.248843521864489,0.365518276554862,0.277202741468359,0.188915583496564,0.543408003803946
cg05488632,0.193464412312924,0.173968743807763,0.191503848721868,0.225671517454317,0.216809192179855,0.252734040832734,0.224340971179308,0.267172757332813,0.244409634383854,0.200284877550412,0.238747567423039,0.241083293491901,0.217147547817291,0.170743834732317,0.185405008981702,0.228686707719035,0.209884949714424,0.253428757669981,0.237920170207347,0.214618601960352,0.17734668704139,0.210473247039534,0.171480884660501,0.198577032176116,0.21068780065633,0.193004921853044,0.226685770186318
cg16363586,0.191422701397154,0.215626268360925,0.117901532852035,0.101139481897269,0.0935090420563388,0.116305884334807,0.101509566155082,0.321520043925592,0.181755402941362,0.120428395471369,0.193983668579274,0.191749897960638,0.112338623472046,0.203352193710795,0.203939350297172,0.161414628358935,0.161672569075797,0.0571190566419886,0.228364956593998,0.156685727951395,0.282921237750165,0.181656041730732,0.275333559660085,0.0873250806540034,0.351709845457913,0.298027465830513,0.185824886149258
cg17861230,0.107469044318919,0.0793359769931465,0.05364924855337,0.070256533331217,0.0807903505834572,0.180438222365408,0.142336571433952,0.205661754425503,0.126463012482442,0.0993203354860758,0.16583927485962,0.129723685742071,0.107527914314575,0.0614509622443592,0.0775857117793956,0.100459870808524,0.107953383158095,0.175353869880364,0.0714256198448656,0.164151477310298,0.157240337886795,0.11493461655169,0.0968621378167009,0.191917998136173,0.107858899178708,0.114752288343303,0.160593483281141
cg24713204,0.269175998780277,0.0383769117000812,0.0597457780718698,0.215136181668356,0.132571185350162,0.346173468438414,0.276741408687422,0.227962520101803,0.13262623722889,0.184981973162403,0.188954488080737,0.238648832868307,0.0646475395335088,0.12900721540736,0.0783069102417868,0.0668500301502446,0.13658218805642,0.317013690415221,0.0709999868523485,0.331784861014586,0.120854907028434,0.122594024943929,0.10265186374907,0.388101429837072,0.0772295342014228,0.121510657902086,0.138589706249576
cg23679724,0.777762314396564,0.832337802537649,0.771095040623553,0.776807546114526,0.709400384018646,0.79986080632953,0.747229861955195,0.759184214481802,0.708820252533705,0.684048543012045,0.608557286917194,0.771960001028005,0.725870842106833,0.731279982437107,0.762656085130894,0.75340155244168,0.698012435209931,0.577594680562753,0.758376533136309,0.775406613883486,0.731146704357288,0.728080833035196,0.77447152981899,0.732667225509368,0.848349692877606,0.815335627084953,0.722624351945175
cg03224418,0.477523624082888,0.468138695993748,0.46166701675326,0.378187031438431,0.355462028015261,0.486192076838913,0.390383420823614,0.458574062995954,0.497059610056258,0.350857578413841,0.368965353328607,0.456164736108022,0.404409289910959,0.417886886489935,0.413666897232456,0.408826527363301,0.347637935853878,0.271154158923915,0.479378685322149,0.41042222278078,0.397393406807963,0.501305553622058,0.455512680135125,0.398959878809418,0.719635788429002,0.498178955329541,0.425726358731951
cg15379633,0.137565483776728,0.0385633451472669,0.0405695738877029,0.0305125779351781,0.0257678475462131,0.0366610785620147,0.044395126683631,0.31024302039344,0.171534297923214,0.0427019745892359,0.0374238991918613,0.141722831815736,0.0415272903443074,0.0413517623848801,0.0393022151911424,0.0509092649505301,0.0342811599483119,0.0432003648266629,0.0524331853563393,0.0424311623448876,0.0403607410620774,0.151803030098938,0.0294118743497405,0.0567692311958619,0.177905486404093,0.0382314834927415,0.176771146183634
cg02994956,0.306931842442915,0.234152333798353,0.265856933303713,0.303055650087882,0.253933762613533,0.366343728709838,0.319683290474133,0.33288909883597,0.307178899265598,0.270029999033514,0.293212879120258,0.350406982710899,0.321997312435759,0.288874555578181,0.239234090993493,0.298117558448484,0.301624412759143,0.331908559018724,0.283067408309869,0.355031594830106,0.281653595720649,0.278578667433704,0.305763170712491,0.374312032066658,0.269961126839505,0.256543501213209,0.269410783749988
cg23124451,0.65418738462565,0.682303882237962,0.624716393421348,0.602580221306998,0.573958104373457,0.661990872530838,0.611224166545304,0.561412652805185,0.593218070093443,0.541055017866923,0.522416296812028,0.634549500094124,0.579315308471979,0.581539725334307,0.659352562795679,0.567060065309277,0.581445014670351,0.47645727116807,0.641336302907462,0.609749781386385,0.619681306254821,0.56305988084289,0.643551956499566,0.589966600606358,0.760232408640439,0.725969782902932,0.487754573778203
cg26394940,0.162742471373685,0.0916527687747007,0.0627927027768367,0.0479328250255495,0.0271115702960297,0.129752353111454,0.0531412099210189,0.0911791338546936,0.147491223433105,0.0812552464800947,0.0411721225253036,0.2243616998513,0.042090926329134,0.0300188151229295,0.072983414766059,0.0769073137782882,0.0224737664111785,0.018245007020024,0.138678707391163,0.0279437580851097,0.168781227692631,0.284162560270806,0.138162609541443,0.195688144354641,0.560980221649119,0.0518802391287365,0.100291851708722
