SampleID,DNAmAge,Comment,noMissingPerSample,meanMethBySample,minMethBySample,maxMethBySample,predictedGender,meanXchromosome
3999941035_R01C01,8.885229633, WARNING: meanMethBySample is < 0.25,0,0.240447339,0,0.99224966,Unsure,0.38463571
3999941035_R02C01,20.95796937, WARNING: meanMethBySample is < 0.25,0,0.2490512,0.003071786,0.988909587,Male,0.297571373
3999941035_R03C01,61.43156783,,0,0.254023322,0,0.988301219,Male,0.301635658
3998568164_R01C02,5.083300187, WARNING: meanMethBySample is < 0.25,0,0.236461039,0.006744853,0.981173759,Male,0.28431348
3998568164_R02C01,6.830303745, WARNING: meanMethBySample is < 0.25,0,0.239712163,0,0.982727698,Unsure,0.389355758
3998568164_R02C02,25.3103223, WARNING: meanMethBySample is < 0.25,0,0.235953133,0,0.990700109,Unsure,0.384177997
3998568164_R03C01,4.435670958, WARNING: meanMethBySample is < 0.25,0,0.246258264,0.004604672,0.99079118,Male,0.294915362
3998568164_R03C02,6.228122718, WARNING: meanMethBySample is < 0.25,0,0.242627573,0,0.989096573,Male,0.287547435
3998568164_R04C01,1.820890349,,0,0.256509815,0,0.980675408,Male,0.304975028
3998568164_R04C02,3.141757591,,0,0.25148626,0,0.985684392,Unsure,0.39627531
3998568164_R05C01,10.41959633,,0,0.251461603,0,0.970693646,Unsure,0.393383591
3998568164_R05C02,21.91864757, WARNING: meanMethBySample is < 0.25,0,0.242718768,0,0.984484124,Unsure,0.396679357
3998568164_R06C01,7.013350327,,0,0.253930935,0.009301287,0.987090667,Female,0.407881491
3998568164_R06C02,38.06193216, WARNING: meanMethBySample is < 0.25,0,0.244301047,0,0.985641227,Male,0.2918601
9297949061_R01C01,26.54049304,,0,0.270788305,0,0.974856004,Male,0.316699088
9297949061_R01C02,25.54076943,,0,0.274525261,0.004943108,0.981890901,Male,0.319954302
9297949061_R03C01,29.68662394,,0,0.272125994,0.001826332,0.980082676,Male,0.322975917
9297949061_R03C02,23.3457747,,0,0.28271503,0.004639059,0.976212951,Male,0.329017436
9297949061_R05C01,22.44360816,,0,0.29638535,0,0.981320108,Male,0.347895002
9297949061_R05C02,30.09580938,,0,0.303487601,0.001862915,0.983821837,Male,0.352476766
9297949140_R01C02,14.03481573,,0,0.263211029,0,0.991741405,Male,0.316128364
9297949140_R03C02,12.77873085,,0,0.262616002,0,0.992062596,Male,0.315565389
9297949140_R05C01,13.0260937,,0,0.2615376,0.003625577,0.989418306,Male,0.314264577
9297949140_R05C02,15.2083256,,0,0.267912229,0,0.989631336,Male,0.319843494
9297949145_R01C01,18.91593911,,0,0.282146379,0.001019442,0.991484494,Male,0.335616666
9297949145_R01C02,14.90792632,,0,0.289642176,0,0.985266807,Male,0.341272058
9297949145_R03C01,13.82382101,,0,0.277283337,0,0.995517504,Male,0.331405643
9297949145_R03C02,26.83273679,,0,0.28644425,0,0.990930244,Male,0.338718686
9297949145_R05C01,19.60258526,,0,0.27166443,0,0.991570468,Male,0.325528636
9297949145_R05C02,17.43803465,,0,0.268783679,0.000766675,0.991297958,Male,0.320977711
9297949151_R01C01,17.06621253,,0,0.293405662,0.003298516,0.980693006,Male,0.342737543
9297949151_R01C02,11.53833942,,0,0.275421625,0,0.987769165,Male,0.325826761
9297949151_R03C01,17.87386028,,0,0.259783102,0,0.991773309,Male,0.312674956
9297949151_R03C02,16.9637861,,0,0.276072354,0,0.994709238,Male,0.328302074
9297949151_R05C01,18.02911355,,0,0.268910064,0.001656256,0.990551947,Male,0.32152612
9297949151_R05C02,18.24218189,,0,0.275203228,0,0.987998774,Male,0.328206338
9376537037_R01C01,9.324179997,,0,0.274246374,0.000904754,0.990060861,Male,0.325680873
9376537037_R01C02,7.839151999,,0,0.27382869,0,0.985705435,Male,0.325700186
9376537037_R03C01,8.796413086,,0,0.28663407,0,0.988828815,Male,0.338424432
9376537037_R03C02,7.320299484,,0,0.286979556,0.000643874,0.990083529,Male,0.34036943
9376537037_R05C01,7.676279517,,0,0.298779851,0.002553191,0.990780578,Male,0.351799008
9376537037_R05C02,7.189217116,,0,0.29336425,0,0.988820522,Male,0.345860578
9829118108_R01C01,13.41761429,,0,0.266960646,0,0.990660267,Male,0.318172512
9829118108_R01C02,13.40150778,,0,0.28568677,0.000952305,0.98606466,Male,0.335745675
9829118108_R03C01,8.529165548,,0,0.277591581,0,0.993286428,Male,0.329884621
9829118108_R03C02,10.26598033,,0,0.283439262,0,0.989040737,Male,0.334560787
9829118108_R05C01,11.92214925,,0,0.283321949,0.000270592,0.990123815,Male,0.331390783
9829118109_R01C02,7.479455169,,0,0.28835682,0,0.982646099,Male,0.336985994
9829118109_R03C01,8.10384834,,0,0.270045288,0.000621311,0.988339241,Male,0.319092148
9829118109_R03C02,7.594745518,,0,0.269811928,0,0.990029421,Male,0.320652958
9829118109_R05C01,8.032399154,,0,0.273404543,0.001809334,0.991853433,Male,0.324881543
9829118109_R05C02,6.412742288,,0,0.272035954,0.000733099,0.989354947,Male,0.322167693
9829118128_R01C01,6.413589581,,0,0.26987477,0,0.990561775,Male,0.32048759
9829118128_R01C02,7.127670704,,0,0.272514807,0,0.993991628,Male,0.321286601
9829118128_R03C01,7.00650839,,0,0.261207727,0,0.986364166,Male,0.312256022
9829118128_R03C02,9.126859134,,0,0.260444302,0,0.991872012,Male,0.312504632
9829118128_R05C01,6.792818777,,0,0.271406169,0.000304213,0.989986596,Male,0.322148037
9829118133_R01C01,3.277841507,,0,0.28465249,0.005198663,0.971869452,Male,0.331965346
9829118133_R01C02,2.424075202,,0,0.309858353,0.002849652,0.96927851,Male,0.352925772
9829118133_R03C01,5.11606143,,0,0.269586595,0.000993407,0.981459423,Male,0.319052493
9829118133_R03C02,4.150794978,,0,0.281584132,0,0.98284212,Male,0.331412067
9829118133_R05C01,5.124269446,,0,0.263273613,0,0.986830372,Male,0.315700088
9829118133_R05C02,5.776923794,,0,0.263026682,0.002095049,0.986719892,Male,0.317006344
9829118135_R01C01,2.972389511,,0,0.268711876,0,0.991393566,Male,0.321163372
9829118135_R01C02,3.52194464,,0,0.265350331,0,0.990154236,Male,0.318398493
9829118135_R03C01,4.976766182,,0,0.269221137,0.000640287,0.987761703,Male,0.319406381
9829118135_R03C02,2.95299452,,0,0.277136949,0.000617093,0.98993082,Male,0.330440524
9829118135_R05C01,3.09438239,,0,0.275604976,0.002581262,0.989982701,Male,0.327858486
9829118135_R05C02,3.997656018,,0,0.2766787,0.004189213,0.988491134,Male,0.329261404
9829118140_R01C01,8.684715575,,0,0.265669962,0,0.991329959,Male,0.31986319
9829118140_R01C02,6.851618057,,0,0.26139593,0,0.992068869,Male,0.31429543
9829118140_R03C01,5.266781482,,0,0.274782531,0.000875146,0.988136467,Male,0.32737605
9829118140_R03C02,6.546313134,,0,0.270653659,0,0.992662556,Male,0.322238727
9829118140_R05C01,6.679992075,,0,0.276390221,0.002886936,0.986418316,Male,0.32856271
9829118140_R05C02,6.012104125,,0,0.276666438,0.00058362,0.987422796,Male,0.330146955
9829118142_R01C01,6.574069391,,0,0.282895774,0,0.98792155,Male,0.332021814
9829118142_R01C02,5.029266028,,0,0.282899133,0,0.987483908,Male,0.334816199
9829118142_R03C01,8.075664343,,0,0.282030346,0.000771737,0.987873083,Male,0.333107747
9829118142_R03C02,7.426671539,,0,0.277376064,0,0.986852619,Male,0.328868824
9829118142_R05C01,6.252161432,,0,0.285929163,0,0.990410903,Male,0.337386357
9829118142_R05C02,4.722896181,,0,0.284105477,0,0.991391743,Male,0.334561627
9829118143_R01C01,8.944396336,,0,0.286071192,0,0.989856002,Male,0.336474387
9829118143_R01C02,7.031167904,,0,0.289904179,0,0.987480223,Male,0.342716999
9829118143_R03C01,10.53691728,,0,0.277352655,0,0.992108928,Male,0.328917215
9829118143_R03C02,10.51523391,,0,0.28006107,0,0.99011315,Male,0.330205119
9829118143_R05C01,8.719278599,,0,0.282822988,0,0.990486849,Male,0.336144907
9829118143_R05C02,13.49693989,,0,0.28021474,0,0.990270873,Male,0.331823533
9878827069_R01C01,20.61697424,,0,0.254670511,0,0.986293176,Male,0.307659944
9878827069_R01C02,19.65027561,,0,0.251659509,0,0.988229783,Male,0.30210665
9878827069_R03C01,18.77696166,,0,0.265369076,0,0.991096127,Male,0.317929583
9878827069_R03C02,17.57689521,,0,0.264504321,0.001567398,0.991728732,Male,0.317054102
9878827069_R05C01,20.28292237,,0,0.273886568,0.003278951,0.987031273,Male,0.330922018
9878827069_R05C02,18.76404426,,0,0.269394892,0.001211387,0.988831465,Male,0.321705744
9878827091_R01C01,2.602801386,,0,0.265179854,0.002045157,0.991213567,Male,0.318073944
9878827091_R01C02,2.211551308,,0,0.269713502,0.00067185,0.990313236,Male,0.321473987
9878827091_R03C01,2.828187164,,0,0.277748059,0.001276292,0.992747392,Male,0.33121394
9878827091_R03C02,3.399216483,,0,0.274320896,7.87E-05,0.98945953,Male,0.326403891
9878827091_R05C01,2.54468692,,0,0.279721588,0.00018644,0.98924779,Male,0.330450462
9878827091_R05C02,3.305810311,,0,0.278797407,0,0.993631202,Male,0.331515455
9878827132_R01C01,7.38020258, WARNING: meanMethBySample is < 0.25,0,0.249724587,0,0.984084881,Male,0.296766339
9878827132_R01C02,39.35231974,,0,0.256991257,0,0.981488974,Male,0.304049139
9878827132_R03C01,35.86916176,,0,0.258456879,0,0.98363375,Male,0.303406957
9878827132_R03C02,38.01622654,,0,0.262778271,0,0.980030002,Male,0.308432526
9878827132_R05C01,32.17652784,,0,0.278752772,0,0.980210763,Male,0.328243952
9878827132_R05C02,15.25976253,,0,0.286627748,0.002758621,0.98489535,Male,0.337606314
9878827146_R01C01,4.171551926,,0,0.270204715,0,0.990406881,Male,0.321821643
9878827146_R01C02,7.702038606,,0,0.261096313,0.001396258,0.994107469,Male,0.311489501
9878827146_R03C01,5.127920156,,0,0.272481458,0.000756334,0.988675984,Male,0.324444715
9878827146_R03C02,5.877705184,,0,0.272404555,0,0.988686771,Male,0.324897495
9878827146_R05C01,4.564734161,,0,0.279216137,0.000438284,0.989786546,Male,0.331119202
9878827146_R05C02,5.6771769,,0,0.274047139,0,0.990039994,Male,0.328748507
9878827149_R01C01,6.834402016,,0,0.266613483,0.003339912,0.990161234,Male,0.320348332
9878827149_R01C02,5.282077434,,0,0.265183612,0,0.990083037,Male,0.317869583
9878827149_R03C01,3.614850575,,0,0.276563472,0,0.988148821,Male,0.329973419
9878827149_R03C02,2.609042922,,0,0.278862561,0.001322199,0.990028962,Male,0.332162683
9878827149_R05C01,3.792660534,,0,0.278446199,0,0.991864651,Male,0.332429749
9878827149_R05C02,5.247264063,,0,0.275237156,0,0.989384906,Male,0.328313564
9904796227_R01C01,4.953963078,,0,0.285834675,0,0.988482945,Male,0.335356037
9904796227_R01C02,6.632619183,,0,0.288872106,0,0.986806056,Male,0.337402727
9904796227_R03C01,5.466096804,,0,0.277243748,0,0.989670851,Male,0.328304925
9904796227_R03C02,4.989555625,,0,0.280831902,0.001616229,0.989555779,Male,0.332214175
9904796227_R05C01,6.418588176,,0,0.284487542,0,0.986223408,Male,0.335880253
9904796227_R05C02,5.794306834,,0,0.287932877,0.001884745,0.986876538,Male,0.339373994
9933569013_R01C01,8.198730565,,0,0.271568415,0,0.991291049,Male,0.324332109
9933569013_R01C02,9.120674801,,0,0.274171707,0,0.989747375,Male,0.325514279
9933569013_R03C01,6.591666913,,0,0.285585103,0,0.989028061,Male,0.336414187
9933569013_R03C02,9.37879854,,0,0.281105887,0,0.992109375,Male,0.331910575
9933569013_R05C01,8.170314841,,0,0.28968968,0,0.987019298,Male,0.341190025
9933569013_R05C02,11.89046113,,0,0.28916989,0,0.990742671,Male,0.34165687
9933569015_R01C01,10.35034805,,0,0.27054583,0.000697046,0.990135512,Male,0.324494149
9933569015_R01C02,7.80785236,,0,0.278561633,0.001589685,0.987855946,Male,0.330846582
9933569015_R03C01,8.742999766,,0,0.274641576,0,0.990759991,Male,0.328495412
9933569015_R03C02,9.767194576,,0,0.275739432,0,0.990514632,Male,0.326109541
9933569015_R05C01,9.206536828,,0,0.279684811,0.00229709,0.991487269,Male,0.333139147
9933569015_R05C02,11.91403125,,0,0.284136078,0.001532516,0.990854237,Male,0.335037292
101231000136_R01C01,11.59185884, WARNING: meanMethBySample is < 0.25,0,0.226916112,0.005493618,0.98199816,Male,0.276354138
101231000136_R01C02,10.92494744, WARNING: meanMethBySample is < 0.25,0,0.224997129,0.003452349,0.982192998,Male,0.27466393
101231000136_R02C01,15.35488688, WARNING: meanMethBySample is < 0.25,0,0.230133284,0.006665415,0.983822408,Male,0.28012279
101231000136_R02C02,11.65935808, WARNING: meanMethBySample is < 0.25,0,0.232582056,0.00159984,0.986598799,Male,0.376222179
101231000136_R03C01,11.1323953, WARNING: meanMethBySample is < 0.25,0,0.235357137,0.003837919,0.980663294,Male,0.282557505
101231000136_R03C02,10.57534222, WARNING: meanMethBySample is < 0.25,0,0.234906641,0,0.987341772,Male,0.284280057
101231000136_R04C01,20.60268817, WARNING: meanMethBySample is < 0.25,0,0.241701468,0.001541929,0.985088053,Male,0.29165139
101231000136_R04C02,19.83679268, WARNING: meanMethBySample is < 0.25,0,0.241932842,0,0.989538522,Male,0.290581665
101231000136_R05C01,10.83243494, WARNING: meanMethBySample is < 0.25,0,0.244591255,0.000358166,0.985695147,Male,0.294016482
101231000136_R05C02,13.21650529, WARNING: meanMethBySample is < 0.25,0,0.243516737,0.001361852,0.986515364,Male,0.293172078
101231000136_R06C01,10.11981142, WARNING: meanMethBySample is < 0.25,0,0.236930777,0.001691176,0.980751684,Male,0.279369148
101231000136_R06C02,23.48491339, WARNING: meanMethBySample is < 0.25,0,0.235513398,0,0.985743835,Male,0.282420434
101231000151_R01C01,16.56184509, WARNING: meanMethBySample is < 0.25,0,0.222325584,0.00244015,0.985995606,Male,0.272381254
101231000151_R02C01,30.15976926, WARNING: meanMethBySample is < 0.25,0,0.22656382,0.00152314,0.985409963,Male,0.271461165
101231000158_R01C02,14.51379459, WARNING: meanMethBySample is < 0.25,0,0.223755813,0.004072214,0.984682132,Male,0.27391808
101231000158_R02C02,12.51000995, WARNING: meanMethBySample is < 0.25,0,0.216592978,0.003822984,0.987151603,Male,0.253961922
101231000158_R03C02,8.067915275, WARNING: meanMethBySample is < 0.25,0,0.224482597,0.005840586,0.990124093,Male,0.26621875
101231000158_R04C02,40.03448181, WARNING: meanMethBySample is < 0.25,0,0.229612907,0.002716823,0.987672782,Male,0.279646354
101231000158_R05C02,9.488630508, WARNING: meanMethBySample is < 0.25,0,0.242949312,0.00113006,0.985857481,Female,0.407400103
101231000158_R06C02,13.61894816, WARNING: meanMethBySample is < 0.25,0,0.237055829,0.001753702,0.987500429,Male,0.286385849
9297949140_R01C01,3.883317889,,0,0.273752049,0,0.987377512,Male,0.332106167
9297949140_R03C01,19.31347078,,0,0.262097865,0,0.990672538,Male,0.314648648
9829118108_R05C02,7.171942066,,0,0.283460379,0.000426621,0.989425012,Male,0.334547688
9829118109_R01C01,2.137875321,,0,0.274588939,0.003057385,0.982978352,Male,0.323074222
9829118128_R05C02,3.175687483,,0,0.276308823,0.000265027,0.989386832,Male,0.328074424
200123460072_R02C02,23.36887572,,0,0.267337287,0,0.986768158,Female,0.436442066
200123460072_R03C02,16.51188406,,0,0.272386666,0.004696133,0.989395242,Female,0.447471101
3999095027_R01C01,10.52418846, WARNING: meanMethBySample is < 0.25,0,0.23281995,0,0.991440555,Male,0.281516262
3999095027_R01C02,20.82115816, WARNING: meanMethBySample is < 0.25,0,0.237813944,0,0.995150553,Male,0.288275278
3999095027_R02C01,4.720151426, WARNING: meanMethBySample is < 0.25,0,0.249018153,7.22E-05,0.991831734,Male,0.299669129
3999095027_R03C01,9.752083442, WARNING: meanMethBySample is < 0.25,0,0.241774871,0,0.990310739,Male,0.293266363
3999095027_R03C02,43.29132566, WARNING: meanMethBySample is < 0.25,0,0.24668948,0,0.986915012,Male,0.295218448
3999095027_R04C01,30.75530782, WARNING: meanMethBySample is < 0.25,0,0.245769753,0,0.990737167,Male,0.296647148
3999095027_R04C02,10.0744594, WARNING: meanMethBySample is < 0.25,0,0.229510449,0,0.991928251,Male,0.274399026
3999095027_R05C01,0.789606412,,0,0.252224818,0,0.98829568,Male,0.297513222
3999095027_R05C02,27.36908331,,0,0.256016615,0,0.991664858,Male,0.305353387
3999095027_R06C01,19.9808221,,0,0.256297228,0,0.988433266,Male,0.304560367
3999941035_R01C02,8.706602073, WARNING: meanMethBySample is < 0.25,0,0.245545419,0.002045151,0.98866961,Male,0.295553347
3999941035_R02C02,36.61537045, WARNING: meanMethBySample is < 0.25,0,0.225367346,0.001798399,0.983812779,Male,0.268159472
3999941035_R03C02,7.501160952,,0,0.255388704,0.006494221,0.986687026,Male,0.303743828
3999941035_R04C01,37.82311515, WARNING: meanMethBySample is < 0.25,0,0.246330324,0.000362779,0.985199446,Male,0.292543633
3999941035_R04C02,42.25401009,,0,0.252697282,0.005655836,0.992160503,Male,0.301013158
3999941035_R05C01,7.04281938,,0,0.254755601,0,0.993457164,Male,0.308501816
3999941035_R05C02,2.337026305,,0,0.262722641,0.002678886,0.993023357,Male,0.314843285
3999941035_R06C01,27.7817281,,0,0.25200724,0,0.991633899,Male,0.300896117
3999941035_R06C02,15.00459311,,0,0.257428292,0.003479168,0.989985404,Male,0.307023846
3999095027_R02C02,20.50343147, WARNING: meanMethBySample is < 0.25,0,0.239630583,0.001334096,0.988162966,Male,0.289994532
200121140066_R05C01,55.14021996,,0,0.263306088,0.003503215,0.984652226,Female,0.439375204
3998888043_R03C01,2.143405281, WARNING: meanMethBySample is < 0.25,0,0.23992978,0,0.989050728,Unsure,0.381474754
3998888043_R04C01,0.492819036, WARNING: meanMethBySample is < 0.25,0,0.228835071,0,0.991286458,Male,0.359259538
9647455097_R01C02,0.719855954, WARNING: meanMethBySample is < 0.25,0,0.243954151,0.002750929,0.987879501,Unsure,0.390893609
9647455097_R03C01,0.001134888,,0,0.266265234,0,0.987978864,Female,0.441035338
9647455097_R03C02,0.763275465,,0,0.267041591,0,0.988002742,Female,0.431873251
9647455097_R04C01,0.386523044,,0,0.27147423,0.001462701,0.990149626,Female,0.438467354
9647455097_R05C01,0.710487497,,0,0.267067649,0.002089864,0.990658256,Female,0.443967993
9647455097_R06C01,-0.03563619,Negative DNAm age,0,0.265628345,0,0.986835845,Female,0.45037513
9647455097_R02C02,51.83948914,,0,0.252947972,0.004688782,0.983156161,Male,0.28181641
200049730032_R02C02,9.129543385, WARNING: meanMethBySample is < 0.25,0,0.238186888,0.005824895,0.982902939,Male,0.368125775
200049730045_R05C02,11.10766149,,0,0.256811474,0,0.98716792,Male,0.303313043
200049730055_R06C02,11.11053802,,0,0.266832337,0.001179987,0.985366903,Male,0.313705628
200071610033_R03C02,4.960630657,,0,0.25909509,0.004810381,0.988641975,Female,0.419794865
200071610033_R05C01,0.918789339,,0,0.26418003,0.006902847,0.985003092,Male,0.312228608
200071610038_R01C02,9.391575923, WARNING: meanMethBySample is < 0.25,0,0.228538305,0,0.988820953,Male,0.362875853
200090280076_R04C01,5.459024318,,0,0.257358237,0,0.9930082,Female,0.411308568
200090280076_R04C02,6.84481506,,0,0.25709002,0.003187189,0.988470653,Female,0.41222304
200090280076_R05C01,1.864364628,,0,0.261630002,0,0.985081567,Female,0.402713519
200069280135_R06C02,0.68231269,,0,0.272983434,0.004360239,0.987175094,Female,0.435667066
200069280135_R04C02,16.36818451,,0,0.258172287,0.001288328,0.989603073,Male,0.306587818
200069280135_R05C02,0.549629763,,0,0.276351731,0.000943026,0.985018727,Female,0.453175688
200090280076_R01C02,0.551153679, WARNING: meanMethBySample is < 0.25,0,0.23777179,0.006395153,0.984326982,Male,0.374651073
200090280076_R06C02,7.553163252,,0,0.256906239,0.004090909,0.98873393,Male,0.330687245
200069280135_R03C01,1.259953992,,0,0.259680601,0.00313886,0.983020938,Male,0.30643332
200121140066_R01C02,39.15067571,,0,0.251309664,0,0.986814461,Female,0.415973607
200121140066_R02C02,53.12557328,,0,0.263463816,0.003705148,0.981693787,Male,0.308750694
200121140066_R03C02,39.72403882,,0,0.261585011,0.002120088,0.979238754,Female,0.435113817
9297949061_R02C01,25.36142914,,0,0.278410101,0.006404993,0.976463036,Male,0.325933555
9297949061_R02C02,33.66027549,,0,0.284713183,0.0026852,0.978052521,Male,0.331525331
9297949061_R04C01,28.93209872,,0,0.286521156,0,0.980121704,Male,0.337261168
9297949061_R04C02,30.24794638,,0,0.288205678,0,0.979292288,Male,0.337240767
9297949061_R06C01,31.59437158,,0,0.311531787,0,0.985795729,Male,0.364131766
9297949061_R06C02,31.16160401,,0,0.309418284,0,0.981358363,Male,0.360905976
9297949140_R02C02,17.56512861,,0,0.266095806,0,0.992139774,Male,0.318632888
9297949140_R04C01,19.54029231,,0,0.259897171,0,0.991630423,Male,0.310555455
9297949140_R04C02,17.0385643,,0,0.266248218,0,0.991303699,Male,0.318773408
9297949140_R06C01,16.05192501,,0,0.276092262,0,0.988107998,Male,0.324487939
9297949140_R06C02,13.9936626,,0,0.280186533,0,0.985933379,Male,0.330479253
9297949145_R02C01,20.76506993,,0,0.284192256,0.000829,0.992669816,Male,0.335639135
9297949145_R02C02,17.3445695,,0,0.293460759,0,0.991694617,Male,0.347254045
9297949145_R04C01,17.23724778,,0,0.272942663,0,0.992603427,Male,0.327132622
9297949145_R04C02,18.02660201,,0,0.273223293,0,0.992325757,Male,0.325847247
9297949145_R06C01,20.23648878,,0,0.27458692,0,0.98917064,Male,0.32758072
9297949145_R06C02,20.22028658,,0,0.27674712,0.001518603,0.989367749,Male,0.330135768
9297949151_R02C01,24.69618904,,0,0.272222428,0,0.985032258,Male,0.320341253
9297949151_R02C02,17.03816063,,0,0.276567748,0,0.988019324,Male,0.328693866
9297949151_R04C01,16.5049962,,0,0.264604858,0,0.990437158,Male,0.317172685
9297949151_R04C02,16.03816487,,0,0.264930496,0.00230747,0.989874251,Male,0.315917404
9297949151_R06C01,14.73381322,,0,0.279609871,0,0.995206554,Male,0.333774217
9297949151_R06C02,15.42625428,,0,0.283904192,0.000948833,0.992871873,Male,0.337924123
9376537037_R02C01,12.41301932,,0,0.276759983,0.002113114,0.987300041,Male,0.328844664
9376537037_R02C02,10.176788,,0,0.286675829,0.001509719,0.986375922,Male,0.340427827
9376537037_R04C01,7.960681289,,0,0.285935119,0,0.988016808,Male,0.338947191
9376537037_R04C02,10.02507269,,0,0.288218411,0.002334574,0.987714152,Male,0.339070486
9376537037_R06C01,11.87221538,,0,0.289528899,0,0.989329524,Male,0.342467474
9376537037_R06C02,12.47860763,,0,0.292646586,0,0.990955744,Male,0.347009962
9829118108_R02C01,13.3777224,,0,0.272785834,0,0.991532676,Male,0.323639159
9829118108_R02C02,10.3585673,,0,0.273163442,0.000328839,0.992031527,Male,0.323512764
9829118108_R04C01,15.32890222,,0,0.272911511,0,0.993079165,Male,0.323668469
9829118108_R04C02,10.69333262,,0,0.282022241,0,0.988312495,Male,0.333722563
9829118108_R06C01,8.60366361,,0,0.286346741,0,0.992119315,Male,0.33784918
9829118109_R02C02,17.79937268,,0,0.262476896,0,0.993200469,Male,0.312848702
9829118109_R04C01,11.15241175,,0,0.26977204,0,0.986871888,Male,0.321277103
9829118109_R04C02,13.70081104,,0,0.276326105,0,0.990129218,Male,0.326927534
9829118109_R06C01,10.65948924,,0,0.275999767,0,0.996398732,Male,0.329437656
9829118109_R06C02,8.690665357,,0,0.276744319,0.001510708,0.992422138,Male,0.328227555
9829118128_R02C01,10.62799654,,0,0.263797988,0,0.993589744,Male,0.315035126
9829118128_R02C02,15.35271514,,0,0.256208554,0,0.991792515,Male,0.308061511
9829118128_R04C01,11.07925759,,0,0.269042967,0.000764877,0.988717909,Male,0.320679174
9829118128_R04C02,9.85930759,,0,0.269624709,0.00202734,0.988278059,Male,0.322272224
9829118128_R06C01,9.310499877,,0,0.272489105,0,0.989685675,Male,0.323110745
9829118133_R02C01,6.390776739,,0,0.281638478,0.004786734,0.972986493,Male,0.328431447
9829118133_R02C02,3.405718762,,0,0.297717446,0.003429061,0.972639011,Male,0.345902317
9829118133_R04C01,12.57050047, WARNING: meanMethBySample is < 0.25,0,0.245105071,0.003639049,0.983481775,Male,0.293654108
9829118133_R04C02,10.82189544,,0,0.258593089,0,0.991837823,Male,0.308731861
9829118133_R06C01,6.559913508,,0,0.288835153,0.004044804,0.984887903,Male,0.342731604
9829118133_R06C02,7.471699657,,0,0.279582974,0,0.983986861,Male,0.330616567
9829118135_R02C01,6.428643244,,0,0.262293878,0,0.996309282,Male,0.314575649
9829118135_R02C02,3.091425885,,0,0.267607398,0.002382087,0.993717237,Male,0.320520448
9829118135_R04C01,6.601557809,,0,0.272066857,0.002369267,0.991761403,Male,0.323700096
9829118135_R04C02,6.0857949,,0,0.276307172,0,0.989552814,Male,0.33053535
9829118135_R06C01,3.12350663,,0,0.283524406,0.001242065,0.991530252,Male,0.334983531
9829118135_R06C02,6.814961283,,0,0.27733902,0.003924989,0.990466667,Male,0.328119757
9829118140_R02C01,9.944490861,,0,0.26547012,0,0.987967648,Male,0.317896626
9829118140_R02C02,11.84163521,,0,0.265828544,0.001572472,0.987560922,Male,0.315837216
9829118140_R04C01,7.357119484,,0,0.280664334,0.001252059,0.991343664,Male,0.333639013
9829118140_R04C02,9.150482023,,0,0.27600251,0,0.986942556,Male,0.329666746
9829118140_R06C01,7.503818947,,0,0.277597019,0.005560991,0.986184211,Male,0.32895773
9829118140_R06C02,8.151085848,,0,0.28331197,0.00116264,0.984048628,Male,0.343804352
9829118142_R02C01,9.905596944,,0,0.282614396,0.00096432,0.991179324,Male,0.332283886
9829118142_R02C02,9.375268921,,0,0.277992483,0.000739801,0.986448768,Male,0.330901692
9829118142_R04C01,9.727919495,,0,0.278523998,0,0.988829346,Male,0.33039731
9829118142_R04C02,9.206109552,,0,0.282249325,0,0.986478519,Male,0.322367317
9829118142_R06C01,11.50223749,,0,0.279271533,0,0.988249663,Male,0.332548508
9829118142_R06C02,7.369048937,,0,0.290787175,0,0.987672976,Male,0.341449664
9829118143_R02C01,9.230234539,,0,0.285960289,0.002367104,0.986813371,Male,0.338326051
9829118143_R02C02,12.0766425,,0,0.281573887,0.000737403,0.98994015,Male,0.332777171
9829118143_R04C01,13.23661389,,0,0.278185999,0,0.990140733,Male,0.329864245
9829118143_R04C02,16.52058849,,0,0.283101008,0,0.989971412,Male,0.333273275
9829118143_R06C01,14.63774105,,0,0.288084025,0.000617538,0.990438648,Male,0.338746174
9829118143_R06C02,10.76562923,,0,0.285607112,0.000893225,0.988723482,Male,0.336283072
9878827069_R02C01,17.84085305,,0,0.254846001,0,0.986917581,Male,0.304905296
9878827069_R02C02,21.49299235,,0,0.25934421,0.002574003,0.987348628,Male,0.310902829
9878827069_R04C01,17.20097568,,0,0.266494128,0.000338897,0.991535332,Male,0.31907267
9878827069_R04C02,17.31171626,,0,0.267066001,0.000441969,0.987784775,Male,0.317417395
9878827069_R06C01,13.34783453,,0,0.276789408,0,0.989166978,Male,0.330388729
9878827069_R06C02,9.777183281,,0,0.278831235,0,0.991135145,Male,0.33121016
9878827091_R02C01,1.560806016,,0,0.273568978,0.001500228,0.988886995,Male,0.327264227
9878827091_R02C02,4.088087189,,0,0.273101751,0.00138484,0.988735876,Male,0.326488012
9878827091_R04C01,1.00530939,,0,0.273341077,0.000230379,0.988844022,Male,0.325608661
9878827091_R04C02,4.875282069,,0,0.272747214,0,0.992021569,Male,0.326993227
9878827091_R06C01,0.673601171,,0,0.283228323,0.003661706,0.989809734,Male,0.335356347
9878827091_R06C02,4.404565399,,0,0.281906288,0,0.98791879,Male,0.335412629
9878827132_R02C01,37.37050754,,0,0.252853099,0,0.981838317,Male,0.298095778
9878827132_R02C02,40.34659981,,0,0.257111617,0,0.984479963,Male,0.303309602
9878827132_R04C01,30.8291587,,0,0.268527487,0.003960082,0.976374826,Male,0.313420282
9878827132_R04C02,41.24940857,,0,0.270325701,0.004793791,0.981753906,Male,0.313929033
9878827132_R06C01,35.37753463,,0,0.298019833,0.000508162,0.985115911,Male,0.354246095
9878827132_R06C02,17.50980496,,0,0.289333182,0.002799552,0.985379295,Male,0.34047536
9878827146_R02C01,10.36975445,,0,0.270332199,0,0.988217009,Male,0.32072846
9878827146_R02C02,10.12948449,,0,0.266262143,0,0.989975496,Male,0.318523146
9878827146_R04C01,9.532344471,,0,0.278608039,0,0.987497011,Male,0.32912802
9878827146_R04C02,10.07789998,,0,0.268984414,0.000442369,0.988323888,Male,0.321040722
9878827146_R06C01,9.107167075,,0,0.276280358,0.001605446,0.988496254,Male,0.334105493
9878827146_R06C02,10.42351166,,0,0.282179659,0.003461982,0.987572865,Male,0.337590243
9878827149_R02C01,8.643558133,,0,0.275776817,0.002384095,0.986795775,Male,0.329131089
9878827149_R02C02,11.71557478,,0,0.274192119,0.005284625,0.987670917,Male,0.321445924
9878827149_R04C01,7.67288431,,0,0.270737933,0.00049428,0.988129612,Male,0.323789347
9878827149_R04C02,10.84904732,,0,0.274246376,0.002250731,0.98853749,Male,0.326304859
9878827149_R06C01,9.151690078,,0,0.277433392,9.85E-05,0.987016683,Male,0.328812065
9878827149_R06C02,10.02196815,,0,0.277485998,0,0.989404223,Male,0.329459954
9904796227_R02C01,9.089685309,,0,0.283435403,0,0.989015544,Male,0.333635461
9904796227_R02C02,12.44344332,,0,0.280253661,0.000207354,0.985957643,Male,0.33154699
9904796227_R04C01,7.312464228,,0,0.269734763,0,0.990577257,Male,0.320382467
9904796227_R04C02,5.457659054,,0,0.281335061,0,0.98488121,Male,0.331328037
9904796227_R06C01,11.68841075,,0,0.282296223,0,0.987191413,Male,0.332302949
9904796227_R06C02,7.860084955,,0,0.284790599,0,0.988655402,Male,0.336209234
9933569013_R02C01,14.03856452,,0,0.271061852,0.002681242,0.990974206,Male,0.313062192
9933569013_R02C02,14.37219351,,0,0.279618189,0.000402307,0.986876187,Male,0.332781635
9933569013_R04C01,12.45149589,,0,0.285574522,0,0.988216039,Male,0.336535471
9933569013_R04C02,11.8942017,,0,0.292011564,0.000102025,0.996131528,Male,0.343734515
9933569013_R06C01,11.29729386,,0,0.296201346,0.001691057,0.987419123,Male,0.348563757
9933569013_R06C02,10.71157734,,0,0.284947454,0,0.990516778,Male,0.336893828
9933569015_R02C01,13.17038143,,0,0.277572241,0.001194624,0.991900426,Male,0.330826496
9933569015_R02C02,14.00995361,,0,0.277028319,0.001103378,0.990820329,Male,0.329692116
9933569015_R04C01,13.43278835,,0,0.275647437,0,0.986426809,Male,0.328059923
9933569015_R04C02,10.74444704,,0,0.287865783,0.001019784,0.984137653,Male,0.340789009
9933569015_R06C01,12.14955132,,0,0.282380546,0.00058548,0.989487566,Male,0.334167401
9933569015_R06C02,11.0854976,,0,0.286510334,0.000892712,0.990390775,Male,0.339005685
9297949140_R02C01,1.875604023,,0,0.263040297,0,0.991253434,Male,0.3156964
9829118108_R06C02,10.48061473,,0,0.288020429,7.70E-05,0.990712583,Male,0.340816091
9829118109_R02C01,1.664931247,,0,0.272628606,0,0.984480388,Male,0.322295779
9829118128_R06C02,1.687346576,,0,0.274813238,0,0.988437281,Male,0.327265706
200049730032_R04C02,0.609776146, WARNING: meanMethBySample is < 0.25,0,0.249908603,0.010566457,0.984829069,Male,0.296525615
200049730044_R04C01,1.694749138,,0,0.274200809,0,0.987571898,Male,0.328618517
200049730045_R03C02,0.665087265, WARNING: meanMethBySample is < 0.25,0,0.244875978,0.006633659,0.982641773,Male,0.293385975
200049730055_R01C02,4.219762924,,0,0.25477471,0.002510232,0.988429211,Male,0.30638516
200049730055_R03C01,4.423986996,,0,0.263672037,0.002076125,0.987249647,Male,0.317112479
200069280135_R04C01,5.134918548,,0,0.268042323,0.003426196,0.990950452,Male,0.316191965
200071610033_R02C02,0.933534488,,0,0.251938024,0.003678257,0.981527094,Male,0.293300399
200071610033_R06C01,0.706789635,,0,0.263615258,0.000727965,0.984067293,Female,0.409827539
200071610033_R06C02,1.081516229,,0,0.268333811,0.007608581,0.988718328,Female,0.431115982
200071610038_R01C01,1.15286579, WARNING: meanMethBySample is < 0.25,0,0.236596085,0.002699136,0.985349322,Male,0.287766613
200090280076_R01C01,7.06427146, WARNING: meanMethBySample is < 0.25,0,0.213290138,0,0.986581351,Male,0.259095721
200090280076_R05C02,26.68624633,,0,0.258335368,0,0.982959911,Female,0.418992427
200090280076_R06C01,0.202321545,,0,0.267411712,0.004946775,0.975050894,Female,0.415318514
101032560039_R02C01,8.153803758, WARNING: meanMethBySample is < 0.25,0,0.242250282,0.001801053,0.990944689,Male,0.291338737
101032560039_R03C01,19.53245812, WARNING: meanMethBySample is < 0.25,0,0.247579123,0,0.98978132,Female,0.401719957
101032560039_R04C01,4.540534597,,0,0.254057888,0.00101649,0.984481363,Female,0.420552694
101032560039_R05C01,22.06684423, WARNING: meanMethBySample is < 0.25,0,0.248953575,0.001497707,0.985093054,Male,0.297596286
101032560089_R01C01,5.108743138, WARNING: meanMethBySample is < 0.25,0,0.24708497,0.002523978,0.988399444,Male,0.295732134
101032560089_R02C01,1.746752813,,0,0.25812133,0.001655238,0.987763093,Female,0.43420141
101032560089_R03C01,0.561980176,,0,0.255059735,0.001130838,0.989689742,Male,0.303232822
101032560089_R04C01,0.543972577,,0,0.26141323,0.003904555,0.990099573,Female,0.431629964
101032560039_R04C02,7.97006813,,0,0.250774583,0,0.989637769,Female,0.411098192
101032560039_R05C02,0.586879891,,0,0.252336317,0,0.984510059,Female,0.423881155
101032560039_R06C02,0.370864662,,0,0.258243023,0.004437753,0.986850021,Male,0.311009099
101032560039_R01C01,22.63164589, WARNING: meanMethBySample is < 0.25,0,0.236613097,0.00014298,0.989446417,Male,0.280713253
9553932055_R01C02,48.34418298, WARNING: meanMethBySample is < 0.25,0,0.221529437,0,0.960284003,Male,0.330100095
9553932055_R02C02,86.89296089, WARNING: meanMethBySample is < 0.25,0,0.236861945,0.018550851,0.968644328,Male,0.285983261
9553932055_R03C02,99.50764804, WARNING: meanMethBySample is < 0.25,0,0.248944714,0.012705652,0.957156309,Male,0.303730811
9553932055_R04C02,72.85224135,,0,0.258621329,0.01393373,0.966798419,Unsure,0.383385877
9553932055_R06C01,100.4257245,Old DNAm age,0,0.259748642,0.009741969,0.968544939,Female,0.421593661
200121140066_R01C01,20.30422413, WARNING: meanMethBySample is < 0.25,0,0.244872956,0,0.989158923,Male,0.288448472
200121140066_R02C01,6.290662541, WARNING: meanMethBySample is < 0.25,0,0.240975971,0,0.98265822,Male,0.2825084
200121140066_R03C01,1.271696363,,0,0.269018892,0,0.986161188,Male,0.315089545
200121140066_R04C01,8.941527759, WARNING: meanMethBySample is < 0.25,0,0.243486566,0,0.980659137,Female,0.412533378
200123460016_R01C01,7.737125166, WARNING: meanMethBySample is < 0.25,0,0.240819309,0.00158584,0.990082553,Male,0.359771715
200123460016_R01C02,0.621099916, WARNING: meanMethBySample is < 0.25,0,0.229256441,0.000989209,0.985706023,Male,0.271493248
200123460016_R02C01,7.09964417,,0,0.251219763,0.002353182,0.987280853,Male,0.297762004
200123460016_R02C02,10.12488192, WARNING: meanMethBySample is < 0.25,0,0.244717859,0.00211139,0.990917098,Unsure,0.392285464
200123460016_R03C01,17.59632534, WARNING: meanMethBySample is < 0.25,0,0.24234451,0.001532748,0.985738676,Male,0.288359556
200123460016_R04C01,8.194247862,,0,0.252640401,0.001818465,0.987136311,Female,0.424701864
200123460016_R05C01,4.160026493,,0,0.251845352,0,0.98840382,Female,0.403484377
200123460016_R06C01,0.655902609,,0,0.257106325,0.001896334,0.987042301,Female,0.430740716
200049730035_R04C01,23.73193906,,0,0.250924023,0.007427628,0.978290301,Male,0.373158713
101279430093_R01C01,30.00640155, WARNING: meanMethBySample is < 0.25,0,0.227886434,0.008983618,0.982718699,Male,0.360248219
200071610002_R01C01,7.157819406,,0,0.250557365,0,0.985144907,Female,0.416954014
200071610002_R01C02,42.50406113, WARNING: meanMethBySample is < 0.25,0,0.242283607,0,0.986843513,Female,0.401585765
200071610002_R02C01,41.24633359,,0,0.252398909,0,0.987168334,Female,0.429754814
200071610002_R02C02,72.52896012, WARNING: meanMethBySample is < 0.25,0,0.246330452,0.002672903,0.987489307,Female,0.428003368
200071610002_R03C01,0.813242575,,0,0.266341799,0.001319406,0.98522602,Female,0.449838911
200071610002_R03C02,37.38360658,,0,0.256391582,0,0.982651863,Female,0.422851907
200071610002_R04C02,31.24903708,,0,0.254791626,0.001547688,0.984930588,Female,0.419218679
200071610002_R05C01,29.87867579,,0,0.261859758,0,0.983670676,Female,0.438226165
200071610002_R05C02,74.38685088,,0,0.259406102,0,0.987364451,Female,0.4094903
200071610002_R06C01,51.85390582,,0,0.257930564,0,0.983770592,Female,0.436345792
200071610002_R06C02,78.10432909,,0,0.261106348,0.005164879,0.985485508,Female,0.449307137
9647455097_R04C02,49.13495087,,0,0.261536964,0.001349765,0.989515465,Female,0.419110038
9647455097_R05C02,9.245361423,,0,0.272544776,0,0.991370383,Female,0.462065531
9647455097_R06C02,52.83508273,,0,0.259736156,0,0.986414801,Female,0.445616352
200071610002_R04C01,14.98290365, WARNING: meanMethBySample is < 0.25,0,0.24079066,0.010453762,0.977626289,Male,0.24604199
3998909015_R01C01,37.72899058, WARNING: meanMethBySample is < 0.25,0,0.222515867,0,0.986154599,Male,0.274663745
3998909015_R01C02,16.05850326, WARNING: meanMethBySample is < 0.25,0,0.224758306,0,0.986953185,Male,0.276589818
3998909015_R02C01,46.64899513, WARNING: meanMethBySample is < 0.25,0,0.228889566,0,0.993134711,Male,0.280687162
3998909015_R02C02,39.18192155, WARNING: meanMethBySample is < 0.25,0,0.22662477,0,0.990966507,Male,0.277691087
3998909015_R03C01,23.60196001, WARNING: meanMethBySample is < 0.25,0,0.240537902,0,0.992329535,Male,0.291613325
3998909015_R03C02,43.29106746, WARNING: meanMethBySample is < 0.25,0,0.236045441,0,0.993690249,Male,0.286998213
3998909015_R04C01,22.92261978, WARNING: meanMethBySample is < 0.25,0,0.23767271,0,0.991917449,Male,0.289482646
3998909015_R04C02,28.19205269, WARNING: meanMethBySample is < 0.25,0,0.243368999,0,0.992605683,Male,0.294730027
3998909015_R05C01,17.36823758,,0,0.257971777,0.013536441,0.981046161,Male,0.307588597
3998909015_R05C02,24.09564277,,0,0.257331275,0.007005993,0.982341626,Male,0.307085785
3998909015_R06C01,36.951069,,0,0.263326287,0.014441877,0.973997702,Male,0.311943159
3998909015_R06C02,30.13212535,,0,0.26714303,0.012741726,0.975660451,Male,0.31757709
3998920138_R01C01,50.55297979, WARNING: meanMethBySample is < 0.25,0,0.225321987,0,0.992315523,Male,0.276696472
3998920138_R01C02,33.21107461,,0,0.264746428,0,0.980752756,Male,0.311776409
3998920138_R02C01,42.07832337, WARNING: meanMethBySample is < 0.25,0,0.235869762,0,0.988506156,Male,0.285765627
3998920138_R02C02,44.33786495, WARNING: meanMethBySample is < 0.25,0,0.239147788,0,0.987975605,Male,0.291717907
3998920138_R03C01,20.86935907, WARNING: meanMethBySample is < 0.25,0,0.240292021,0,0.988547405,Male,0.291402478
3998920138_R03C02,41.4475983, WARNING: meanMethBySample is < 0.25,0,0.236188273,0,0.992094237,Male,0.286502132
3998920138_R04C01,34.42790182, WARNING: meanMethBySample is < 0.25,0,0.24661966,0.008665692,0.983305879,Male,0.297060668
3998920138_R04C02,32.40124069, WARNING: meanMethBySample is < 0.25,0,0.246981434,0,0.985703271,Male,0.296764035
3998920138_R05C01,23.42303555, WARNING: meanMethBySample is < 0.25,0,0.243669784,0.008072455,0.984786861,Male,0.293587443
3998920138_R05C02,41.54288078, WARNING: meanMethBySample is < 0.25,0,0.244689095,0.002755906,0.988073311,Male,0.2954743
3998920138_R06C01,46.25393523,,0,0.251556221,0.002333392,0.989253615,Male,0.299386262
3998920138_R06C02,39.52685353,,0,0.252692661,0.02020532,0.978337306,Male,0.29716999
3998920146_R01C01,29.90814872, WARNING: meanMethBySample is < 0.25,0,0.240147174,0,0.989524285,Male,0.289765466
3998920146_R01C02,33.1133308, WARNING: meanMethBySample is < 0.25,0,0.234495949,0.000289157,0.995394252,Male,0.284068982
3998920146_R02C01,50.85469902, WARNING: meanMethBySample is < 0.25,0,0.248717547,0.001101625,0.987996639,Male,0.302240161
3998920146_R03C01,40.49376, WARNING: meanMethBySample is < 0.25,0,0.244841821,0,0.99410476,Male,0.29538568
3998920146_R04C01,33.50927151, WARNING: meanMethBySample is < 0.25,0,0.244901799,0.014063379,0.981508792,Male,0.294394536
3998920146_R05C01,23.60824407, WARNING: meanMethBySample is < 0.25,0,0.247333622,0.004981559,0.983958069,Male,0.29739496
3998920146_R06C01,14.85197871,,0,0.25481692,0.011964942,0.977043002,Male,0.302408214
3999095027_R06C02,21.62322398,,0,0.253246408,0,0.98611894,Male,0.304521106
101279430093_R01C02,11.26186526, WARNING: meanMethBySample is < 0.25,0,0.227966591,0,0.988777534,Male,0.276517486
101279430093_R02C01,35.84778196, WARNING: meanMethBySample is < 0.25,0,0.239122529,0.004212627,0.982905567,Male,0.286524199
101279430093_R02C02,1.243860636, WARNING: meanMethBySample is < 0.25,0,0.237685683,0.000977278,0.983754835,Male,0.287454282
101279430093_R03C01,72.60117646, WARNING: meanMethBySample is < 0.25,0,0.219729825,0.005671078,0.988211788,Male,0.265476112
101279430093_R03C02,36.83210105, WARNING: meanMethBySample is < 0.25,0,0.234447644,0.006993007,0.986704221,Male,0.28226513
101279430093_R04C01,10.86411697, WARNING: meanMethBySample is < 0.25,0,0.246806214,0.005434519,0.988232492,Male,0.302395689
101279430093_R04C02,68.75535722, WARNING: meanMethBySample is < 0.25,0,0.236043802,0.006273466,0.987661049,Male,0.285732365
101279430093_R05C01,3.674781934,,0,0.251413548,0.001227317,0.989821988,Female,0.422888567
101279430093_R05C02,53.2931885, WARNING: meanMethBySample is < 0.25,0,0.242226254,0.005237316,0.988452366,Male,0.289554525
101279430093_R06C01,52.95715923, WARNING: meanMethBySample is < 0.25,0,0.249010625,0,0.985799092,Male,0.296979235
101279430093_R06C02,59.77726449, WARNING: meanMethBySample is < 0.25,0,0.241422607,0.006754682,0.983549687,Male,0.289580097
200121140066_R04C02,20.27503924,,0,0.254779318,0,0.983234263,Male,0.303382901
200121140066_R05C02,15.23142863,,0,0.269250085,0,0.978761157,Male,0.311909093
200121140066_R06C02,21.48430155,,0,0.263610693,0,0.982365145,Female,0.43611436
200123460072_R01C01,26.95824443,,0,0.259994759,0,0.986877606,Female,0.432658224
200123460072_R02C01,24.66302734,,0,0.264276618,0.001681778,0.984677419,Male,0.309973753
200049730035_R05C01,1.896040566,,0,0.253838462,0.006412572,0.9828222,Male,0.338781197
3998888043_R05C01,10.89846642, WARNING: meanMethBySample is < 0.25,0,0.230475799,0,0.986771091,Male,0.295108507
101231000142_R01C02,9.944239788, WARNING: meanMethBySample is < 0.25,0,0.221014917,0.003515462,0.985011483,Male,0.341306455
101231000142_R02C02,5.316875622, WARNING: meanMethBySample is < 0.25,0,0.227963844,0.00509458,0.985098157,Male,0.280817717
101231000142_R05C02,6.733880942, WARNING: meanMethBySample is < 0.25,0,0.242022779,0.003350645,0.990291935,Male,0.370332897
101231000142_R06C01,35.86014147, WARNING: meanMethBySample is < 0.25,0,0.237507362,0.005349567,0.985715553,Male,0.285787095
101231000142_R06C02,0.327412167, WARNING: meanMethBySample is < 0.25,0,0.231180303,0.005472731,0.985932975,Male,0.372561981
101231000158_R03C01,7.30862058, WARNING: meanMethBySample is < 0.25,0,0.232032435,0.003194103,0.983949622,Male,0.363499799
101231000158_R04C01,10.12251462, WARNING: meanMethBySample is < 0.25,0,0.23949717,0.003467922,0.996098779,Male,0.289550755
101231000158_R06C01,5.910708614, WARNING: meanMethBySample is < 0.25,0,0.238416338,0,0.980666749,Male,0.288916309
101279430118_R01C01,28.5717079, WARNING: meanMethBySample is < 0.25,0,0.224230257,0,0.98331821,Male,0.359935256
101279430118_R01C02,13.23598686, WARNING: meanMethBySample is < 0.25,0,0.22713377,0.006227908,0.988185741,Male,0.275731942
101279430118_R02C01,8.560968541, WARNING: meanMethBySample is < 0.25,0,0.232935647,0,0.988476773,Male,0.284509884
101279430118_R03C01,6.158109292, WARNING: meanMethBySample is < 0.25,0,0.221526726,0,0.992228068,Male,0.271745645
101279430118_R04C01,7.688183923, WARNING: meanMethBySample is < 0.25,0,0.232427607,0,0.993728131,Male,0.36015564
101279430118_R04C02,34.76988605, WARNING: meanMethBySample is < 0.25,0,0.225294458,0,0.989453138,Male,0.34826378
101279430118_R05C01,9.222355142, WARNING: meanMethBySample is < 0.25,0,0.231726118,0,0.98815267,Male,0.362335782
101279430118_R05C02,6.354105099, WARNING: meanMethBySample is < 0.25,0,0.233194887,0,0.986323274,Male,0.284591501
101279430118_R06C01,2.106834813, WARNING: meanMethBySample is < 0.25,0,0.245842963,0,0.990198664,Unsure,0.383828393
3998888064_R01C01,12.60652223, WARNING: meanMethBySample is < 0.25,0,0.244216301,0.00137741,0.985117851,Unsure,0.388169184
3998888064_R02C01,5.18019545, WARNING: meanMethBySample is < 0.25,0,0.248964985,0.004076755,0.991252423,Female,0.405588791
3998888064_R03C01,32.77113119, WARNING: meanMethBySample is < 0.25,0,0.24681388,0,0.988764624,Female,0.404823348
3998888064_R05C01,8.582918983,,0,0.252272712,0.00124188,0.987850427,Unsure,0.395403724
3998888064_R05C02,10.37323375,,0,0.254996066,0.003331651,0.988569284,Female,0.409452505
3998888064_R06C01,7.099338405,,0,0.254095816,0,0.989812641,Female,0.400077061
101231000142_R01C01,16.5544878, WARNING: meanMethBySample is < 0.25,0,0.216906285,0.001398736,0.988208152,Male,0.350685141
101231000142_R02C01,16.37292031, WARNING: meanMethBySample is < 0.25,0,0.226168957,0.003204313,0.986351026,Male,0.276164005
101231000142_R03C01,22.4627823, WARNING: meanMethBySample is < 0.25,0,0.227312906,0.004045775,0.987730942,Male,0.368263293
101231000142_R03C02,15.43148281, WARNING: meanMethBySample is < 0.25,0,0.231405822,0.004580923,0.987625706,Male,0.375525591
101231000142_R04C02,21.01293153, WARNING: meanMethBySample is < 0.25,0,0.237090213,0,0.991865951,Male,0.376970589
101231000158_R02C01,5.725890257, WARNING: meanMethBySample is < 0.25,0,0.227324698,0,0.983858496,Male,0.346294574
101279430118_R03C02,6.720360824, WARNING: meanMethBySample is < 0.25,0,0.223655177,0,0.993484476,Male,0.350926273
3998888064_R02C02,27.99558148, WARNING: meanMethBySample is < 0.25,0,0.247001357,0.001609309,0.9894274,Male,0.295748191
3998888064_R03C02,7.498158682,,0,0.252784974,0.00226886,0.988868664,Male,0.299300992
3998888064_R04C01,3.941620138,,0,0.251145804,0.003842676,0.989585603,Male,0.29900782
3998888064_R06C02,8.021565754,,0,0.257376893,0.003199069,0.987927649,Male,0.306126368
101231000142_R04C01,2.478989817, WARNING: meanMethBySample is < 0.25,0,0.2326785,0.003693103,0.991127555,Male,0.361042455
101231000142_R05C01,4.061231221, WARNING: meanMethBySample is < 0.25,0,0.242593554,0.001955556,0.986133092,Male,0.291381865
101231000158_R01C01,7.788941946, WARNING: meanMethBySample is < 0.25,0,0.216387167,0.006321654,0.986220026,Male,0.327802483
101231000158_R05C01,3.568439808, WARNING: meanMethBySample is < 0.25,0,0.240140299,0.003521902,0.985049772,Male,0.28948477
101279430118_R06C02,21.88253117, WARNING: meanMethBySample is < 0.25,0,0.234816358,0.002667361,0.993374216,Male,0.28437421
3998888064_R01C02,3.489107085, WARNING: meanMethBySample is < 0.25,0,0.245469156,0.003930431,0.987943561,Male,0.293050902
3998888064_R04C02,6.991588117, WARNING: meanMethBySample is < 0.25,0,0.247701618,0,0.993741152,Unsure,0.387636381
101032560039_R01C02,0.879478817, WARNING: meanMethBySample is < 0.25,0,0.241613928,0,0.990977928,Unsure,0.389306998
101032560039_R02C02,5.823194484, WARNING: meanMethBySample is < 0.25,0,0.220449666,0.00232893,0.989287654,Male,0.252722881
101032560039_R03C02,5.442399114, WARNING: meanMethBySample is < 0.25,0,0.245545198,0.001247747,0.983750717,Male,0.292328432
101032560039_R06C01,7.369826507,,0,0.256519872,0.004168404,0.986174556,Female,0.432258872
101178130036_R01C01,48.00708658, WARNING: meanMethBySample is < 0.25,0,0.236349378,0.005932328,0.988505086,Male,0.282495327
101178130036_R01C02,11.92271246, WARNING: meanMethBySample is < 0.25,0,0.224117305,0,0.984542311,Male,0.271133513
101178130036_R02C01,32.95796454, WARNING: meanMethBySample is < 0.25,0,0.231540022,0.005370421,0.984847671,Male,0.280187395
101178130036_R02C02,58.39832785, WARNING: meanMethBySample is < 0.25,0,0.224760035,0.004483511,0.986660694,Male,0.274440686
101178130036_R04C01,13.24005269, WARNING: meanMethBySample is < 0.25,0,0.232112124,0,0.985806002,Male,0.28068415
101178130036_R06C01,5.279211361, WARNING: meanMethBySample is < 0.25,0,0.247027971,0.003329677,0.989283391,Male,0.297876558
101231000151_R01C02,56.33740059, WARNING: meanMethBySample is < 0.25,0,0.223869642,0,0.986078253,Male,0.26949425
101231000151_R03C01,39.12758587, WARNING: meanMethBySample is < 0.25,0,0.225910013,0.003125362,0.986493027,Male,0.275355577
101231000151_R03C02,23.50770124, WARNING: meanMethBySample is < 0.25,0,0.235652516,0,0.985481852,Male,0.284015712
101231000151_R04C01,45.06136292, WARNING: meanMethBySample is < 0.25,0,0.244104131,0.004308446,0.989793025,Male,0.291288422
101178130036_R03C01,37.70287858, WARNING: meanMethBySample is < 0.25,0,0.234128214,0.00585975,0.982300885,Unsure,0.384085679
101178130036_R05C01,42.38505434, WARNING: meanMethBySample is < 0.25,0,0.234305637,0.001971142,0.985233466,Male,0.376767242
101231000151_R02C02,70.38800697, WARNING: meanMethBySample is < 0.25,0,0.22694175,0.002764875,0.985512528,Male,0.379779823
101231000151_R04C02,27.62740968, WARNING: meanMethBySample is < 0.25,0,0.237862325,0.001666072,0.987819999,Unsure,0.384902744
101231000151_R05C01,59.74468625, WARNING: meanMethBySample is < 0.25,0,0.230350768,0,0.988033491,Male,0.376556426
101231000151_R05C02,56.18693443, WARNING: meanMethBySample is < 0.25,0,0.236430829,0.001423488,0.990260831,Unsure,0.394717499
101231000151_R06C01,69.04834027, WARNING: meanMethBySample is < 0.25,0,0.233898924,0,0.988888889,Unsure,0.397649913
101231000151_R06C02,56.57059113, WARNING: meanMethBySample is < 0.25,0,0.243224605,0.001903712,0.992409427,Female,0.401826436
200049730044_R03C02,12.06771437,,0,0.265245934,0,0.980363922,Male,0.315308629
200069280135_R06C01,27.31891353,,0,0.25824201,0.005335087,0.988354082,Female,0.416682625
3998920115_R01C01,4.064633853, WARNING: meanMethBySample is < 0.25,0,0.242491111,0.000743889,0.991388453,Unsure,0.389662821
3998920115_R01C02,36.09312318, WARNING: meanMethBySample is < 0.25,0,0.237292784,0,0.99054151,Unsure,0.386535353
3998920115_R02C01,42.82626138, WARNING: meanMethBySample is < 0.25,0,0.240345807,0,0.991171253,Unsure,0.393411381
3998920115_R02C02,5.387394297, WARNING: meanMethBySample is < 0.25,0,0.241487715,0,0.993140767,Unsure,0.381168278
3998920115_R03C01,4.361721961,,0,0.252000515,0,0.993520684,Female,0.40363325
3998920115_R03C02,10.69300085, WARNING: meanMethBySample is < 0.25,0,0.249104675,0,0.989011404,Unsure,0.393635573
3998920115_R04C01,8.704422934,,0,0.252496755,0,0.990202102,Female,0.401127118
3998920115_R04C02,4.16075673,,0,0.26267901,0.008970594,0.983280615,Female,0.406755352
3998920115_R05C01,8.467913251,,0,0.25772269,0.005113252,0.984561274,Unsure,0.396133317
3998920115_R05C02,8.957943643,,0,0.256426735,0.007566204,0.98363064,Female,0.403809915
3998920115_R06C01,1.794199184,,0,0.2645983,0.006540846,0.98207856,Female,0.413465747
3998920146_R02C02,11.63442161, WARNING: meanMethBySample is < 0.25,0,0.240888699,0,0.993386016,Unsure,0.390468228
3998920146_R03C02,44.50102194, WARNING: meanMethBySample is < 0.25,0,0.23907097,0.00515886,0.987107706,Unsure,0.393797069
3998920146_R04C02,6.396784897,,0,0.252011432,0.009579848,0.982780344,Unsure,0.399568364
3998920146_R05C02,14.88574685, WARNING: meanMethBySample is < 0.25,0,0.248212023,0.006123761,0.986950037,Female,0.407513884
3998920146_R06C02,4.773560061,,0,0.252630287,0.00289467,0.983748646,Female,0.402002311
3998568164_R01C01,11.56252694, WARNING: meanMethBySample is < 0.25,0,0.235128726,0,0.985435254,Male,0.378282431
200121140066_R06C01,1.73367623,,0,0.275699992,0.005929764,0.987182617,Female,0.453607199
200049730035_R03C02,17.23178702, WARNING: meanMethBySample is < 0.25,0,0.233439872,0.001468595,0.9872833,Male,0.369458621
200049730035_R04C02,27.71265305,,0,0.254509116,0.001482946,0.987715952,Female,0.402163374
200049730035_R05C02,11.21552337,,0,0.259168865,0.003184713,0.988637588,Female,0.414126557
3998920115_R06C02,1.304531836,,0,0.263196348,0.009467113,0.980821059,Male,0.312379081
200123460072_R03C01,10.55089742,,0,0.268389512,0,0.990144168,Male,0.311714408
200123460072_R04C01,19.65721195,,0,0.265496701,0,0.99091621,Male,0.313204187
200123460072_R01C02,28.76752844,,0,0.258422728,0,0.987886212,Male,0.307892736
200123460072_R05C01,2.307107191,,0,0.264318904,0,0.995222169,Male,0.314560942
200123460072_R06C01,47.26011914,,0,0.259511946,0.004348399,0.986428652,Female,0.409665931
200049730045_R01C01,0.853213079, WARNING: meanMethBySample is < 0.25,0,0.235288419,0,0.98440039,Male,0.2829529
200049730045_R04C01,11.26120523,,0,0.257839807,0.001538826,0.988785792,Female,0.429015143
200049730045_R06C01,1.528604764,,0,0.277312377,0.001564211,0.987757863,Male,0.327378067
200069280135_R03C02,8.335200527,,0,0.26017915,0.002625216,0.988164635,Female,0.435509305
200090280076_R03C02,16.84217377, WARNING: meanMethBySample is < 0.25,0,0.24970205,0.002314964,0.982838722,Male,0.297849149
200049730032_R03C02,8.783537429, WARNING: meanMethBySample is < 0.25,0,0.234025581,0.005812654,0.988188073,Male,0.2795234
200049730055_R04C01,15.3024704,,0,0.258907374,0.002929851,0.989807235,Male,0.307947268
200071610038_R02C02,0.977337649, WARNING: meanMethBySample is < 0.25,0,0.240360074,0.001772002,0.988875526,Male,0.292194507
200071610038_R06C01,0.158198986,,0,0.257262267,0,0.98704931,Male,0.309118764
200049730032_R04C01,6.738836723,,0,0.255117606,0.003328535,0.985333013,Male,0.302340643
200049730044_R01C01,10.10216047,,0,0.252648421,0,0.986466576,Female,0.414986025
200049730055_R04C02,0.322157358,,0,0.263356201,0.000673304,0.987123449,Male,0.314269537
200049730055_R05C01,2.665803282,,0,0.273488836,0,0.988443891,Male,0.325074722
200049730055_R06C01,0.508733688,,0,0.263810117,0.002966809,0.988728562,Male,0.316129845
200069280135_R01C01,9.636858399, WARNING: meanMethBySample is < 0.25,0,0.233642652,0.002566076,0.98772348,Male,0.276124158
200069280135_R02C02,12.92364899,,0,0.251487794,0.004599816,0.980443004,Female,0.408337605
200071610033_R03C01,1.304421536,,0,0.270603802,0,0.987744788,Female,0.440476103
200071610038_R06C02,5.921827027,,0,0.256376934,0.005378568,0.988094776,Female,0.407835673
200090280076_R02C01,22.31950443, WARNING: meanMethBySample is < 0.25,0,0.245291011,0,0.98424652,Unsure,0.396099439
200049730055_R02C02,10.75866905,,0,0.255331208,0.005525801,0.980462896,Male,0.304444073
200071610038_R04C01,6.538626551,,0,0.250954101,0.006306581,0.993571535,Male,0.29965172
200121140142_R05C02,2.452454476,,0,0.252863237,0.001368574,0.993814984,Female,0.410660099
200069280135_R05C01,6.958714131,,0,0.258193436,0.003433381,0.981561914,Male,0.304887108
200049730032_R01C01,9.666633267, WARNING: meanMethBySample is < 0.25,0,0.237461219,0.006133321,0.984299963,Male,0.282849363
200049730032_R01C02,6.815380825, WARNING: meanMethBySample is < 0.25,0,0.230867519,0,0.991377246,Male,0.363276006
200049730032_R06C02,20.32063134,,0,0.253065544,0.001554673,0.987618458,Male,0.299529329
200049730044_R02C01,10.45364489,,0,0.261454439,0,0.991492183,Female,0.4285345
200049730044_R03C01,1.723018698,,0,0.266006921,0,0.988934535,Female,0.429490813
200049730044_R04C02,17.32983271,,0,0.257812873,0,0.981169694,Male,0.307637252
200049730044_R05C01,0.755244039,,0,0.253871053,0,0.985592841,Male,0.298456805
200049730045_R02C01,1.809369131, WARNING: meanMethBySample is < 0.25,0,0.242525037,0,0.984520442,Male,0.289929135
200049730045_R02C02,4.39693842, WARNING: meanMethBySample is < 0.25,0,0.244483962,0.005203079,0.98670816,Male,0.29126016
200049730055_R05C02,44.21096176,,0,0.265398316,0,0.984980718,Male,0.312947381
200071610033_R02C01,35.15904992,,0,0.259360449,0,0.981885839,Female,0.431327191
200071610033_R05C02,1.574806823,,0,0.270527174,0.0057445,0.980922099,Male,0.318698886
200090280076_R02C02,0.720767438, WARNING: meanMethBySample is < 0.25,0,0.242126322,0.004097894,0.986121457,Male,0.28814716
200049730045_R03C01,10.3274087, WARNING: meanMethBySample is < 0.25,0,0.207627418,0,0.986952829,Male,0.221685546
200121140142_R06C02,7.823993634, WARNING: meanMethBySample is < 0.25,0,0.195771726,0,0.986709405,Male,0.202510512
200049730032_R03C01,14.49679887,,0,0.251301697,0.007135662,0.986239163,Unsure,0.393578596
200049730044_R06C01,8.370857856,,0,0.25525957,0,0.98629703,Female,0.41058332
200049730055_R02C01,12.36719506,,0,0.251473195,0.001379615,0.989500362,Male,0.298689909
200049730055_R03C02,7.481668485,,0,0.257447248,0.004258614,0.984383015,Male,0.310794958
200069280135_R01C02,4.815753065,,0,0.256009971,0.002240947,0.985722784,Female,0.405881082
200069280135_R02C01,26.23258725,,0,0.252264385,0.003345041,0.987395421,Male,0.300628114
200071610038_R03C02,1.836663513, WARNING: meanMethBySample is < 0.25,0,0.242275584,0.005895811,0.986533432,Male,0.367740264
200071610038_R04C02,10.94150888, WARNING: meanMethBySample is < 0.25,0,0.243852962,0.005051204,0.989119369,Male,0.379079758
200071610038_R05C01,12.10816539,,0,0.253131937,0.003777231,0.985572032,Female,0.417747683
200071610038_R05C02,34.44608172,,0,0.253171875,0.001748761,0.985235049,Female,0.403854407
200090280076_R03C01,16.30741384,,0,0.25469237,0.004062288,0.989399293,Female,0.423151435
200049730044_R02C02,6.17662891, WARNING: meanMethBySample is < 0.25,0,0.245619,0,0.98444316,Male,0.289700462
200049730032_R05C01,12.04662278,,0,0.254013698,0.005252146,0.982028888,Male,0.29924231
200049730044_R01C02,0.28568874, WARNING: meanMethBySample is < 0.25,0,0.240774856,0.005194964,0.983307963,Male,0.290171989
200049730044_R06C02,23.40548304,,0,0.255671522,0,0.986933614,Male,0.30184054
200049730032_R02C01,3.986393708, WARNING: meanMethBySample is < 0.25,0,0.242173914,0,0.980310565,Unsure,0.380630598
200049730032_R05C02,14.0928614,,0,0.253557377,0.002210708,0.988618427,Male,0.301215079
200049730032_R06C01,10.60791242,,0,0.253378513,0.003935405,0.986802371,Female,0.416892001
200049730044_R05C02,30.50569718,,0,0.257525924,0.001752272,0.980573069,Female,0.419330881
200049730045_R04C02,5.854561232,,0,0.25292367,0,0.987397575,Unsure,0.398183554
200049730045_R05C01,46.72662713,,0,0.26727723,0,0.989311011,Female,0.442380785
200049730045_R06C02,3.195115244,,0,0.266262122,0.002914238,0.983966578,Male,0.316986677
200049730055_R01C01,1.327951871,,0,0.253353889,0.000511621,0.984633652,Male,0.302626277
200071610033_R01C01,21.75432119,,0,0.25766297,0,0.987768327,Unsure,0.395373687
200071610033_R01C02,1.349787085,,0,0.252127137,0.003840995,0.986846935,Unsure,0.390405035
200071610033_R04C01,1.497177887,,0,0.269636554,0.004705379,0.984149278,Female,0.450530327
200071610033_R04C02,2.764201931,,0,0.265164302,0.006538279,0.985971944,Male,0.319757267
200071610038_R02C01,2.736999913, WARNING: meanMethBySample is < 0.25,0,0.246307284,0.005655527,0.98858547,Male,0.307147092
200071610038_R03C01,10.68309339, WARNING: meanMethBySample is < 0.25,0,0.249725561,0.001065737,0.986929737,Male,0.296613774
200049730022_R01C01,12.20870271, WARNING: meanMethBySample is < 0.25,0,0.222797386,0,0.98850305,Male,0.271023205
200049730022_R01C02,17.53007684, WARNING: meanMethBySample is < 0.25,0,0.223926963,0.002565077,0.991170584,Male,0.344050089
200049730022_R02C01,7.718255942, WARNING: meanMethBySample is < 0.25,0,0.236452878,0.00044959,0.985227668,Male,0.284956915
200049730022_R02C02,55.31665271, WARNING: meanMethBySample is < 0.25,0,0.249533124,0.001866107,0.986263189,Female,0.409781183
200049730022_R03C01,6.099125833, WARNING: meanMethBySample is < 0.25,0,0.23756109,0.002966185,0.979975701,Male,0.37707276
200049730022_R03C02,50.30062334,,0,0.299671877,0.007098862,0.979806879,Male,0.338297433
200049730022_R04C01,4.67396322, WARNING: meanMethBySample is < 0.25,0,0.24040324,0.002104592,0.986114086,Male,0.362460537
200049730022_R04C02,17.56816038, WARNING: meanMethBySample is < 0.25,0,0.239520445,0.002982107,0.990607478,Male,0.288670602
200049730022_R05C01,9.807549036,,0,0.252052825,0.000410004,0.991405035,Male,0.301422746
200049730022_R05C02,7.005617938, WARNING: meanMethBySample is < 0.25,0,0.243230237,0,0.98934101,Male,0.292802327
200049730022_R06C01,10.04263697,,0,0.250785516,0.004765536,0.985321101,Unsure,0.394645754
200049730022_R06C02,10.7030684, WARNING: meanMethBySample is < 0.25,0,0.241680957,0,0.985749667,Male,0.291728124
200049730023_R01C01,6.350179277, WARNING: meanMethBySample is < 0.25,0,0.214262079,0.004334828,0.981049317,Male,0.372996395
200049730023_R03C02,20.66308588, WARNING: meanMethBySample is < 0.25,0,0.249082607,0.006844903,0.982567418,Male,0.296910417
200049730023_R04C02,19.35413817,,0,0.254272373,0.004742547,0.985348272,Male,0.302855803
200049730023_R05C02,0.267582315, WARNING: meanMethBySample is < 0.25,0,0.219830562,0.001039717,0.984924364,Male,0.379096107
200049730023_R06C02,3.431465664,,0,0.254110743,0.004928131,0.987973274,Unsure,0.397798432
200049730035_R01C01,30.41523601, WARNING: meanMethBySample is < 0.25,0,0.235895219,0.004385459,0.982397892,Male,0.281976983
200049730035_R01C02,27.3103543, WARNING: meanMethBySample is < 0.25,0,0.231021848,0,0.982822774,Male,0.275682471
200049730035_R02C01,25.49800424, WARNING: meanMethBySample is < 0.25,0,0.234874903,0,0.983356276,Male,0.282095837
200049730035_R02C02,22.5570369, WARNING: meanMethBySample is < 0.25,0,0.24146257,0,0.98411621,Unsure,0.382502332
9553932041_R01C01,3.420591178,,0,0.275557939,0.007638447,0.977128131,Female,0.447594901
9553932041_R01C02,8.015892975,,0,0.281393766,0.005039499,0.97515362,Male,0.328328815
9553932041_R02C01,3.767466531,,0,0.29635759,0.007975374,0.979267189,Female,0.49319803
9553932041_R02C02,4.949972356,,0,0.291223847,0.005649248,0.98336973,Female,0.486878789
9553932041_R03C01,5.108983413,,0,0.287353942,0.001740062,0.980848819,Male,0.335486506
9553932041_R03C02,3.678836676,,0,0.298781441,0.006742891,0.97871596,Male,0.346070476
9553932041_R04C01,5.658841205,,0,0.296958756,0.004103616,0.978236844,Female,0.489742586
9553932041_R04C02,5.675175465,,0,0.307965318,0.008201763,0.979727065,Male,0.355488031
9553932041_R05C01,3.186948808,,0,0.301623765,0.003328895,0.978556764,Female,0.494015487
9553932041_R05C02,6.94036252,,0,0.300878743,0.006030941,0.978078582,Male,0.348572505
9553932041_R06C01,6.61146607,,0,0.295574095,0.00676125,0.980079051,Female,0.477910422
9553932041_R06C02,46.74935485,,0,0.291780683,0.006776638,0.981280669,Male,0.339114029
9553932050_R01C01,14.33757469,,0,0.2726931,0.007533632,0.966061933,Male,0.311107152
9553932050_R01C02,18.90603319,,0,0.289905057,0.009402655,0.971949659,Male,0.33444499
9553932050_R02C01,4.225268947,,0,0.282779817,0.006428571,0.978335513,Male,0.329352174
9553932050_R02C02,4.503953919,,0,0.301513838,0,0.979951945,Male,0.3496732
9553932050_R03C01,2.91596365,,0,0.291558134,0.0090236,0.975098872,Male,0.340928544
9553932050_R03C02,25.60706226,,0,0.299125348,0.003215699,0.984472788,Female,0.501328769
9553932050_R04C01,11.22049215,,0,0.29057343,0.005476951,0.973950269,Male,0.338341597
9553932050_R04C02,2.837263856,,0,0.310518127,0.006494511,0.986597665,Female,0.524160166
9553932050_R05C01,0.852099634,,0,0.297836444,0.002421007,0.979401279,Female,0.484278955
9553932050_R05C02,2.56627659,,0,0.305185614,0.006656731,0.981610308,Male,0.353441631
9553932050_R06C01,6.085736639,,0,0.293964706,0.005840542,0.980774963,Female,0.495044157
9553932050_R06C02,46.71965477,,0,0.302556736,0.006300315,0.9833934,Female,0.510845741
9554599003_R01C01,26.01337042,,0,0.305256659,0,0.973324658,Male,0.34973975
9554599003_R02C01,21.63695405,,0,0.310348519,0.002075509,0.981536264,Female,0.539729034
9554599003_R02C02,2.997955223,,0,0.314284173,0.003643872,0.981023797,Female,0.522265198
9554599003_R03C01,17.28794877,,0,0.303193862,0.003911897,0.975949923,Male,0.351893031
9554599003_R03C02,20.49311402,,0,0.304968658,0.001336303,0.978864769,Female,0.522177218
9554599003_R04C01,6.857955656,,0,0.307611049,0.006913379,0.980562699,Male,0.356291488
9554599003_R04C02,19.82964444,,0,0.3011527,0,0.98222966,Female,0.510076666
9554599003_R05C01,11.45197453,,0,0.300062414,0.00452271,0.985279163,Male,0.348644481
9554599003_R05C02,12.81992619,,0,0.303764052,0.001832509,0.983251295,Male,0.352355987
9554599003_R06C01,19.68403571,,0,0.286954075,0,0.984905288,Female,0.489750697
9554599003_R06C02,5.637319327,,0,0.295096859,0.00176819,0.983889528,Male,0.346922957
9554599022_R01C01,23.469206,,0,0.277027444,0.00554481,0.970235743,Female,0.476368301
9554599022_R01C02,32.41843883,,0,0.275401991,0.011576788,0.958751516,Male,0.314390818
9554599022_R02C01,1.324521493,,0,0.295223351,0.009590889,0.971863508,Male,0.342616966
9554599022_R02C02,6.762521973,,0,0.294987318,0.005615487,0.972962227,Female,0.475327618
9554599022_R03C01,15.01075649,,0,0.295287822,0.005388069,0.972903885,Female,0.496594389
9554599022_R03C02,4.792992785,,0,0.301670456,0.008560851,0.973854345,Male,0.34663605
9554599022_R04C01,78.88866133,,0,0.29617225,0.00768006,0.987571483,Male,0.338305363
9554599022_R04C02,4.041636211,,0,0.316463006,0.005524239,0.976221929,Female,0.525404263
9554599022_R05C02,20.62670687,,0,0.314247783,0.002934165,0.98821885,Female,0.525927169
9554599022_R06C01,7.919601385,,0,0.298192307,0.004798848,0.981788209,Male,0.341852346
9554599022_R06C02,2.111986218,,0,0.311073242,0.001778885,0.979413053,Male,0.356615144
3998909052_R01C02,15.72211977, WARNING: meanMethBySample is < 0.25,0,0.243452866,0,0.9934368,Unsure,0.388015893
200123460016_R04C02,0.252543927,,0,0.251989402,0.002022975,0.990538301,Male,0.297600292
200123460016_R05C02,7.498075421,,0,0.256583819,0.003815516,0.984950495,Male,0.304010479
200123460016_R06C02,10.31811543,,0,0.25983447,0.001692853,0.987993888,Male,0.307596891
200123460046_R01C01,16.80392956,,0,0.25018828,0.002402114,0.990079831,Female,0.405310809
200123460046_R01C02,11.21917252,,0,0.255425081,0.005919587,0.983070236,Male,0.298293616
200123460046_R02C01,10.03640554,,0,0.254755094,0.004090184,0.988169365,Male,0.304176945
200123460046_R02C02,6.701824418,,0,0.267250644,0.004297851,0.986309184,Female,0.434126376
200123460046_R03C01,6.479824403,,0,0.260135971,0.003436074,0.989101248,Male,0.307538634
200123460046_R03C02,4.683310295,,0,0.267479303,0.000785045,0.988136875,Female,0.432787819
200123460046_R04C01,6.607875037,,0,0.255443823,0,0.990870331,Male,0.301824816
200123460046_R04C02,50.98158385,,0,0.261229574,0.000877578,0.989343678,Male,0.305929114
200123460046_R05C01,6.473440454,,0,0.259831872,0,0.991081998,Male,0.30520636
200123460046_R05C02,28.8872021,,0,0.265705468,0.002594232,0.988533903,Male,0.313495147
200123460046_R06C01,8.743282545,,0,0.265167212,0,0.990835031,Male,0.309560282
200123460046_R06C02,52.30841097,,0,0.262205338,0.0009243,0.989287696,Male,0.309405156
200123460072_R05C02,3.08895765,,0,0.272456422,0.002622378,0.987816307,Male,0.317217052
200123460072_R06C02,2.7131298,,0,0.259985579,0.001020185,0.991804174,Male,0.307162448
9647450082_R01C01,19.57444701, WARNING: meanMethBySample is < 0.25,0,0.240907542,0.004693988,0.975261097,Male,0.28535129
9647450082_R01C02,35.42026402,,0,0.253148519,0.004187947,0.981872595,Male,0.312193289
9647450082_R02C01,1.371268679,,0,0.260465776,0,0.978098971,Male,0.356915246
9647450082_R02C02,29.46975325,,0,0.250046687,0.000830412,0.976298162,Male,0.293928414
9647450082_R03C01,11.27235675,,0,0.261848503,0,0.983326556,Female,0.407785962
9647450082_R03C02,24.77959809,,0,0.257309871,0.004127404,0.986671983,Male,0.324547873
9647450082_R04C01,18.52353697,,0,0.269560076,0.00345732,0.987376436,Female,0.402272909
9647450082_R04C02,5.198060274,,0,0.282550342,0,0.982550603,Female,0.473047063
9647450082_R05C01,9.676257119,,0,0.266998646,0.002677005,0.984422637,Unsure,0.388521091
9647450082_R05C02,7.209969975,,0,0.260965522,0.00845341,0.974008454,Female,0.415429559
9647450082_R06C01,12.3403245,,0,0.265585903,0.005568173,0.980480211,Male,0.3629856
9647450082_R06C02,7.004176086,,0,0.270426195,0,0.982538992,Male,0.345325614
9647455025_R01C01,25.69520498, WARNING: meanMethBySample is < 0.25,0,0.220577523,0,0.98544354,Male,0.273688721
9647455025_R01C02,20.10068389, WARNING: meanMethBySample is < 0.25,0,0.224703963,0.007880479,0.964469914,Male,0.264866116
9647455025_R02C01,8.163701375, WARNING: meanMethBySample is < 0.25,0,0.232355592,0.000934507,0.987657978,Male,0.372999674
9647455025_R02C02,32.13447823, WARNING: meanMethBySample is < 0.25,0,0.237540495,0.008814887,0.972854517,Male,0.278533992
9647455025_R03C01,13.98646312, WARNING: meanMethBySample is < 0.25,0,0.240439713,0.00327612,0.978259585,Unsure,0.396182465
9647455025_R03C02,3.824783913,,0,0.250610063,0.005719586,0.978533499,Male,0.310308476
9647455025_R04C01,74.10228043, WARNING: meanMethBySample is < 0.25,0,0.248291528,0.001001703,0.986937167,Female,0.422475321
9647455025_R04C02,6.692930224,,0,0.26416286,0.007947383,0.974400871,Male,0.356695452
9647455025_R05C01,5.324966974,,0,0.261023949,0.000915332,0.985166465,Female,0.423779351
9647455025_R05C02,16.6023608,,0,0.263480817,0.006710224,0.970906902,Female,0.422380282
9647455025_R06C01,64.68196517,,0,0.252464445,0,0.984689524,Male,0.30636221
9647455025_R06C02,14.38156755,,0,0.277975166,0.006072542,0.97448605,Female,0.435408805
9647455094_R01C01,17.13178875, WARNING: meanMethBySample is < 0.25,0,0.230535571,0.005160239,0.972143196,Male,0.334980186
9647455094_R01C02,12.53414152, WARNING: meanMethBySample is < 0.25,0,0.232857687,0.005148005,0.970979766,Male,0.358114155
9647455094_R02C01,18.62946376, WARNING: meanMethBySample is < 0.25,0,0.247256009,0.007867426,0.96950738,Male,0.346158715
9647455094_R02C02,17.76323655, WARNING: meanMethBySample is < 0.25,0,0.246774378,0.00714193,0.975977097,Male,0.371470773
9647455094_R03C02,16.27661118, WARNING: meanMethBySample is < 0.25,0,0.241804656,0.000969086,0.973722102,Male,0.355140977
9647455094_R04C01,12.9867541, WARNING: meanMethBySample is < 0.25,0,0.24238761,0.002996845,0.976298232,Male,0.284536487
9647455094_R04C02,13.47389506,,0,0.258616897,0,0.981375285,Male,0.379696072
9647455094_R05C02,14.13490155,,0,0.255765374,0.005726121,0.980984233,Male,0.336339598
9647455094_R06C02,11.26328182,,0,0.254387718,0.002399693,0.981864804,Male,0.307654361
200123460016_R03C02,36.99623638, WARNING: meanMethBySample is < 0.25,0,0.236334905,0,0.989141216,Male,0.368518957
9553932055_R01C01,0.683374206, WARNING: meanMethBySample is < 0.25,0,0.233602846,0.013876936,0.957901373,Male,0.279216857
9553932055_R02C01,2.001229007,,0,0.251108389,0.005721979,0.980009799,Female,0.403684473
9553932055_R03C01,9.100960901, WARNING: meanMethBySample is < 0.25,0,0.245870351,0.003628301,0.966074223,Male,0.277285971
9553932055_R04C01,4.892931859,,0,0.264146471,0.003910833,0.97188258,Female,0.422940921
9553932055_R05C01,12.22502572,,0,0.261156671,0.014324693,0.96840475,Male,0.31781473
9553932055_R05C02,9.324205613,,0,0.262163879,0,0.974769092,Female,0.434429382
9553932055_R06C02,3.185749648,,0,0.269897786,0.012639867,0.974764502,Male,0.30017741
9647455094_R03C01,19.85769272, WARNING: meanMethBySample is < 0.25,0,0.248904876,0.004639833,0.972675578,Male,0.319147771
9647455094_R05C01,1.5525169,,0,0.26395505,0.005283589,0.984765548,Male,0.323254306
9647455094_R06C01,6.389845744,,0,0.260799635,0.006155633,0.974183155,Female,0.423859563
200049730035_R06C02,19.42457693,,0,0.260729064,0.001508548,0.989235204,Female,0.41527349
9554599003_R01C02,4.926784313,,0,0.305315732,0.0051637,0.975920994,Male,0.347712159
9554599022_R05C01,3.02718326,,0,0.302288858,0.002883336,0.988458875,Female,0.485420308
3998888043_R01C01,11.47541311, WARNING: meanMethBySample is < 0.25,0,0.220925657,0,0.989761458,Male,0.354734911
3998888043_R01C02,12.8416917, WARNING: meanMethBySample is < 0.25,0,0.218751235,0,0.983703872,Male,0.320623926
3998888043_R02C01,21.84147275, WARNING: meanMethBySample is < 0.25,0,0.226522382,0,0.99062471,Male,0.357842281
3998888043_R02C02,22.16884139, WARNING: meanMethBySample is < 0.25,0,0.22562264,0,0.99230745,Male,0.343727442
3998888043_R03C02,28.40835201, WARNING: meanMethBySample is < 0.25,0,0.231657688,0,0.992985855,Male,0.372900601
3998888043_R04C02,35.11913013, WARNING: meanMethBySample is < 0.25,0,0.232155152,0,0.99259952,Male,0.376706106
3998888043_R06C01,5.245026497, WARNING: meanMethBySample is < 0.25,0,0.234659811,0,0.994111271,Male,0.374146666
3998909052_R04C02,7.382506441,,0,0.267932537,0,0.990533958,Female,0.427764607
3998909052_R05C02,21.10075672,,0,0.258309372,0.001232337,0.991304666,Male,0.305704236
3998909052_R06C02,18.60683373, WARNING: meanMethBySample is < 0.25,0,0.247350486,0.000357814,0.989553779,Male,0.296952531
3998920119_R01C01,16.9190124, WARNING: meanMethBySample is < 0.25,0,0.243519283,0,0.985961594,Male,0.29579482
3998920119_R02C01,7.665125159,,0,0.257401568,0.001302507,0.990018813,Male,0.310018005
3998920119_R03C01,13.18670201, WARNING: meanMethBySample is < 0.25,0,0.246801882,0,0.991652685,Male,0.295308985
3998920119_R03C02,22.09240773, WARNING: meanMethBySample is < 0.25,0,0.232061538,0,0.992029533,Male,0.283515484
3998920119_R04C01,29.65471913,,0,0.251916845,0,0.991542787,Male,0.303030829
3998920119_R04C02,15.0892744, WARNING: meanMethBySample is < 0.25,0,0.24439262,0,0.990451143,Male,0.29218196
3998920119_R05C01,3.214971937,,0,0.260381186,0.00106277,0.988733405,Male,0.309219394
3998920119_R06C01,9.328099224,,0,0.268486048,0.010566547,0.980683218,Male,0.316724697
3998920119_R05C02,34.55555468, WARNING: meanMethBySample is < 0.25,0,0.243662121,0.004557687,0.987083746,Male,0.290865623
3998909052_R03C02,8.612421748,,0,0.267419094,0.000912706,0.989052911,Male,0.314027592
3998909052_R02C02,7.474861934,,0,0.253937071,0,0.989844982,Male,0.306293968
3998920119_R01C02,34.74078117, WARNING: meanMethBySample is < 0.25,0,0.229521963,0.000819113,0.992383823,Male,0.278391976
3998920119_R02C02,8.379763319, WARNING: meanMethBySample is < 0.25,0,0.23599995,0,0.99002249,Male,0.286669658
3998920119_R06C02,3.306276579,,0,0.261234651,0.012587019,0.979034859,Male,0.305692665
200123460072_R04C02,16.25157825,,0,0.251947208,0.004036836,0.986055367,Male,0.292484098
9553932037_R01C02,10.852742,,0,0.279225133,0.004910714,0.982841156,Female,0.464699344
9553932037_R02C01,18.0355442,,0,0.270942011,0.001762571,0.986979569,Female,0.461829558
9553932037_R02C02,5.937179802,,0,0.287541889,0,0.982036282,Female,0.461571986
9553932037_R03C01,43.32163907,,0,0.27775508,0.005047868,0.987797699,Female,0.45833496
9553932037_R04C01,3.172694957,,0,0.289027847,0.00821727,0.983018779,Male,0.340120284
9553932037_R05C01,4.504081553,,0,0.273119828,0.005106572,0.977427062,Female,0.465564636
9553932037_R06C01,42.32680776,,0,0.290667092,0.007390667,0.983900083,Female,0.488127711
9554599011_R01C01,11.96502575,,0,0.294028154,0.003907075,0.984855349,Male,0.345786807
9554599011_R01C02,4.511715349,,0,0.299164291,0.011313519,0.98353722,Male,0.350754672
9554599011_R02C02,1.315287766,,0,0.310007677,0.009325741,0.980881677,Female,0.500024585
9554599011_R03C01,18.37032218,,0,0.297311388,0.003056235,0.986499265,Male,0.345863542
9554599011_R03C02,3.986175986,,0,0.308834652,0.005567154,0.988046321,Male,0.362482983
9554599011_R04C02,36.70398057,,0,0.306110519,0.002686691,0.988689524,Female,0.51583695
9554599011_R05C01,12.92466853,,0,0.303416603,0.004072135,0.986457708,Female,0.501456435
9554599011_R05C02,4.047024665,,0,0.307925746,0.005272206,0.984635083,Male,0.356653442
9554599011_R06C01,7.006057995,,0,0.305051824,0.003046637,0.987893947,Female,0.515779436
9554599011_R06C02,6.274880809,,0,0.304504119,0,0.983970718,Female,0.520620465
9553932037_R01C01,4.588447567,,0,0.280395866,0.009321402,0.978177374,Male,0.345651407
3998888043_R05C02,3.369032768, WARNING: meanMethBySample is < 0.25,0,0.237427956,0,0.990453461,Male,0.29453134
200049730023_R01C02,19.6288216, WARNING: meanMethBySample is < 0.25,0,0.224818352,0.008803786,0.978467293,Male,0.273342651
200049730023_R02C01,7.449259633,,0,0.250968566,0.006505659,0.984616846,Male,0.29942305
200049730023_R02C02,4.77132943, WARNING: meanMethBySample is < 0.25,0,0.236092,0.008354862,0.978113601,Male,0.372421631
200049730023_R03C01,13.43755614,,0,0.256883134,0.00876621,0.983698943,Male,0.306369141
200049730023_R04C01,28.08481326,,0,0.256857202,0,0.980504024,Male,0.304319973
200049730023_R05C01,6.219297494,,0,0.250772316,0.002126631,0.981827601,Female,0.405753873
200049730023_R06C01,8.126049216, WARNING: meanMethBySample is < 0.25,0,0.246378821,0.002669311,0.985250898,Male,0.292395081
200049730035_R06C01,27.67080559,,0,0.255521574,0.00691002,0.987607759,Male,0.377998837
3998888043_R06C02,0.16628516, WARNING: meanMethBySample is < 0.25,0,0.222060631,0,0.987130398,Male,0.355419945
101032560089_R05C01,0.686108318,,0,0.254440475,0.000385097,0.989835878,Male,0.304778023
101032560089_R06C01,19.630885,,0,0.250618131,0.001326386,0.994036542,Female,0.418316504
3998888026_R01C01,8.711648962, WARNING: meanMethBySample is < 0.25,0,0.24597408,0,0.986718184,Male,0.291848296
3998888026_R01C02,1.025095295,,0,0.253328765,0.001198897,0.986586184,Female,0.409086218
3998888026_R02C01,45.53449112, WARNING: meanMethBySample is < 0.25,0,0.241569845,0,0.981880115,Male,0.287201735
3998888026_R02C02,34.3555481, WARNING: meanMethBySample is < 0.25,0,0.241322783,0,0.987832576,Male,0.288480788
3998888026_R03C02,32.79141018,,0,0.253699053,0.004509946,0.984417292,Female,0.405865502
3998888026_R04C01,19.79985714,,0,0.253383992,0.001513002,0.989309741,Male,0.301881403
9647455052_R01C01,19.13202167, WARNING: meanMethBySample is < 0.25,0,0.24894185,0.003658942,0.982901554,Female,0.406726637
9647455052_R01C02,0.695018274,,0,0.253062929,0.001763002,0.982332522,Male,0.300771163
9647455052_R02C01,0.531746174,,0,0.251553721,0.002795527,0.984812201,Male,0.300595169
9647455052_R05C01,0.103604264,,0,0.264244275,0.000507485,0.986992992,Female,0.441450911
9647455052_R05C02,0.327509724,,0,0.27219796,0.001172862,0.988515066,Female,0.449389271
9647455097_R02C01,0.604599707,,0,0.259977857,0.004222874,0.987521903,Female,0.417912164
9647455126_R01C01,10.40491171, WARNING: meanMethBySample is < 0.25,0,0.237652999,0.005212721,0.986364709,Male,0.369668527
9647455126_R03C02,1.153985734,,0,0.263797008,0.003502968,0.985773563,Female,0.428624185
9647455126_R04C01,28.42940462,,0,0.25216496,0,0.988856113,Female,0.425224165
9647455126_R05C01,0.523040155,,0,0.267865675,0,0.989255765,Male,0.318588397
9647455126_R05C02,20.97757,,0,0.258404949,0.001518079,0.989531865,Female,0.452489566
9647455179_R01C01,11.90147631,,0,0.261640337,0.002301717,0.987511592,Female,0.433104415
9647455179_R03C02,24.43366035,,0,0.260349489,0.002935223,0.985621622,Female,0.428873134
9647455179_R05C01,1.15181157,,0,0.270773027,0.000313414,0.987808825,Female,0.440943213
9647455179_R05C02,30.25144774,,0,0.262452383,0.002341372,0.988563699,Female,0.444021471
9647455126_R02C01,0.084322996,,0,0.259920774,0.004020849,0.991261452,Female,0.424097211
9647455052_R04C01,4.392245935,,0,0.262968489,0.001648434,0.985162333,Male,0.311455734
9647455179_R06C01,0.732896271,,0,0.267789883,0.000395038,0.987625931,Male,0.316123154
3998888026_R05C01,12.1958513,,0,0.250475331,0.003483902,0.986631901,Male,0.309214675
3998888026_R05C02,1.300913192,,0,0.25838495,0,0.990870584,Male,0.308237744
3998888026_R06C01,0.218898826,,0,0.263125453,0,0.9900689,Male,0.311371313
9647455126_R03C01,1.949751418,,0,0.258561281,0.002433347,0.99142462,Female,0.420977491
9647455126_R06C01,0.11447007,,0,0.264407036,0.002334267,0.991234191,Female,0.429305292
9647455179_R02C01,0.311356711, WARNING: meanMethBySample is < 0.25,0,0.249468789,0.00264077,0.988350126,Female,0.414992539
101279430086_R03C02,36.27302862, WARNING: meanMethBySample is < 0.25,0,0.245118739,0.004719922,0.984274482,Male,0.290553803
101279430086_R04C02,2.396892367,,0,0.25196097,0.000903524,0.989090909,Male,0.300069633
101279430086_R05C02,25.84568248, WARNING: meanMethBySample is < 0.25,0,0.244967878,0.006781822,0.985474281,Unsure,0.394855389
101279430086_R06C02,8.190616251,,0,0.250451881,0.002186191,0.985928406,Unsure,0.395569269
3998888026_R03C01,0.041449948,,0,0.259121961,0.003064592,0.991109591,Male,0.309486289
3998888026_R04C02,0.406984202,,0,0.256971211,0,0.98855056,Female,0.424534395
3998888026_R06C02,0.995212022,,0,0.258062326,0.002507103,0.990006218,Female,0.417616032
9647455052_R02C02,1.443272445,,0,0.260376167,0.003307847,0.987344005,Male,0.309332052
9647455052_R03C01,29.20686229, WARNING: meanMethBySample is < 0.25,0,0.248646638,0.00153245,0.984248829,Female,0.408209928
9647455052_R03C02,34.43558674,,0,0.253487309,0.001463625,0.988409025,Male,0.298310888
9647455052_R04C02,3.429952894,,0,0.266914003,0.000453186,0.991102665,Female,0.452536799
9647455052_R06C01,5.882809247,,0,0.254815623,0.004061372,0.989065063,Female,0.426136123
9647455052_R06C02,24.21579964,,0,0.257074576,0.001760736,0.989102205,Female,0.446580407
9647455126_R01C02,0.46598656, WARNING: meanMethBySample is < 0.25,0,0.249005584,0,0.984033429,Male,0.297384208
9647455126_R02C02,40.3509463, WARNING: meanMethBySample is < 0.25,0,0.24776318,0.001668643,0.985921761,Female,0.405503673
9647455126_R04C02,11.50615772,,0,0.262042267,0.0030837,0.987238881,Female,0.428248457
9647455126_R06C02,5.373531977,,0,0.251876267,0.002694532,0.989022343,Female,0.431461653
9647455179_R01C02,46.26244651, WARNING: meanMethBySample is < 0.25,0,0.247944103,0.003838647,0.986837256,Male,0.294794108
9647455179_R02C02,3.256022896,,0,0.263673173,0.000874221,0.993706368,Male,0.311652466
9647455179_R03C01,1.77195438,,0,0.2693592,0,0.989114401,Female,0.44890585
9647455179_R04C01,39.14977841,,0,0.258955439,0,0.990037899,Male,0.306792059
9647455179_R04C02,0.159374726,,0,0.270106883,0.002135348,0.988446257,Female,0.435917761
9647455179_R06C02,39.35215951,,0,0.263399405,0.002415824,0.98833417,Male,0.309404527
