SampleID,Gran,CD4T,CD8T,B,Mono,NK
5903014001_R06C02,0.617686982540737,0.183631568250434,0.0440423906392796,0.0371624400017843,0.0454596680807199,0.0720169504870454
5903014002_R01C01,0.659128278603158,0.138451263373309,0.0628916615647229,0.0443350411504547,0.060625046521872,0.0345687087864839
5903014002_R02C01,0.632676445355037,0.200144628840542,0.0309757519615462,0.0580183332104922,0.0511474730814491,0.027037367550934
5903014002_R03C01,0.588638647774135,0.121599130527376,0.132168762445546,0.0678430533180815,0.0477326021292593,0.0420178038056025
5903014002_R04C01,0.498923614902825,0.270046470597728,0.0721512758497643,0.053950744673,0.0337599010803416,0.0637250550279219
5903014002_R05C01,0.617697090995658,0.175976385535498,0.101508441402654,0.0150569381237942,0.0468695775597539,0.0428915663826426
5903014002_R03C02,0.558088672537115,0.167974471721204,0.116177340562113,0.0500555503293019,0.0642507796803368,0.0401619040919164
5903014002_R04C02,0.584753502020336,0.170006808265222,0.106579685788587,0.0236589423689677,0.0846815953586853,0.0303194661982023
5903014002_R05C02,0.546273563742717,0.16657181489677,0.0614904285345194,0.0335692497922156,0.0685646252654831,0.123530317768295
5903014002_R06C02,0.525161899742864,0.107948099757465,0.101616937400361,0.0755116692794228,0.0728493647794134,0.116912029040474
5903014003_R01C01,0.546964168302195,0.0986375007883333,0.214168680615693,0.0289938602607467,0.0457998056281036,0.0635398659867568
5903014003_R02C01,0.678035713189926,0.116521344420702,0.083032497527831,0.0251970854784171,0.0806647759880269,0.0165485833950963
5903014003_R03C01,0.589354593542967,0.150823332912101,0.0994638935661829,0.0458733459004847,0.0815960636692226,0.0328887704090411
5903014003_R04C01,0.514676106225016,0,0.26517348572879,0.0359863334239384,0.0452534392785939,0.137682304960927
5903014003_R01C02,0.384523541731867,0.315979019943062,0.133340009018041,0.0416638854301558,0.0270822000751902,0.0749529734861587
5903014003_R02C02,0.532158053856991,0.0804660462184289,0.19457815791863,0.057277147191411,0.0730240606042904,0.0624965342102484
5903014003_R03C02,0.697835694467883,0.0618610300048661,0.0542250754989628,0.072260964390168,0.0808124380479474,0.0301247043456723
5903014003_R04C02,0.758384946036696,0.0645131211145357,0.0225533512441846,0.0260160926848558,0.0566050290972121,0.0719274598225156
5903014003_R05C02,0.695725553506229,0.102933036171965,0.0571664026991452,0.0560814914677119,0.079934092888685,0.00583454012630146
5903014003_R06C02,0.649320240237232,0.250034198691048,0.0243721519594646,0.0321924760932717,0.0325397046162531,0.01154122840273
5903014005_R01C01,0.64619704413874,0.150799261447253,0.0731235331469809,0.041504237155939,0.0492274791716539,0.0391484449394332
5903014005_R02C01,0.484212594413496,0.189819508639053,0.14443214398113,0.0319418663758183,0.0362680420986658,0.0907058528540695
5903014005_R04C01,0.621234687179487,0.187618264023233,0.015552941776226,0.108792877415206,0.0480826753983989,0.0134155671010602
5903014005_R05C01,0.527335099341108,0.250754423046798,0.0705493119856625,0.0367382322029844,0.0633172130654301,0.0512458098478481
5903014005_R01C02,0.663030000566896,0.129955681548312,0.0505815659213427,0.031871552573851,0.0679078833441712,0.0473690377691348
5903014005_R04C02,0.711723542010146,0.0577687291895023,0.077439606383578,0.00843018921344808,0.0912459610236739,0.0450089325471342
5903014005_R05C02,0.657860331295941,0.115385075313714,0.0909065976818844,0.0158192931507665,0.063421956594969,0.0487549253620491
5903014010_R01C01,0.749040177259359,0.116661423822016,0.0365788045625939,0.0380448887648602,0.0596747055911711,0
5903014010_R02C01,0.681926962345624,0.122417834251115,0.0418345700472563,0.0411899431743301,0.06712670014921,0.0455039900324638
5903014010_R03C01,0.862061816922906,0.0533597280166146,0.00954246834981386,0.0134418831823297,0.038093663429084,0.0235004400992522
5903014010_R04C01,0.681616673867015,0.207741709032819,0,0.037862016170977,0.0520116801536868,0.0207679207755028
5903014010_R05C01,0.485598887879994,0.157654908019782,0.0945514802018096,0.0141994945904442,0.083764498599506,0.164230730708464
5903014010_R02C02,0.637189893315266,0.148314196150662,0.0170269706867851,0.0742590961901346,0.0923997862942646,0.0284693146128253
5903014010_R04C02,0.662982232499067,0.0574490781659024,0.0658025352508352,0.0432806417956718,0.0941102041413047,0.0763753081472187
5903014010_R05C02,0.674196266652813,0.0785499892536072,0.112787614384111,0.0126695517383448,0.0698560983017582,0.0519404796693659
5903014010_R06C02,0.594786668624607,0.0899956784887554,0.128647704822791,0.0461929146848494,0.0484476616357221,0.0919293717432756
5903014012_R01C01,0.565113497962233,0.314081631816548,0.0196643449486746,0.0609856719959194,0.0247054616678887,0.015449391608736
5903014012_R02C01,0.565551847709064,0.0891709306460845,0.194412212008193,0.0155748983664013,0.0926410444276277,0.0426490668426293
5903014012_R03C01,0.512777819482877,0.161854855585791,0.0554844764870329,0.132073135333187,0.0598283629710794,0.0560689757122978
5903014012_R04C01,0.5919827605399,0.178455430733635,0.0813667242120445,0.0747785152904352,0.0375115359783867,0.0329809054889636
5903014012_R05C01,0.708358303418602,0.131004289164912,0.0478381181259912,0.0187520438134581,0.0739353317476172,0.0201119137294194
5903014012_R06C01,0.783885222116117,0.0993927847523062,0.0167008273792427,0.0157254678099055,0.0460409727316363,0.038254725210792
5903014012_R01C02,0.689073123394611,0.108597367980813,0.0803282719637585,0.03922635938006,0.060403975415462,0.020953563544972
5903014012_R02C02,0.614727292243839,0.20050068365994,0.00186383178321593,0.0104447901171095,0.0841769545951372,0.0862244433545247
5903014012_R03C02,0.471283758808898,0.14444800657713,0.1810958596522,0.0238148795847992,0.0362648183524502,0.143092677024523
5903014012_R04C02,0.675646285498259,0.155096884283509,0.0464707344919628,0.0493573970245015,0.0468524451054751,0.0265762535962917
5903014012_R05C02,0.503919925769273,0.189477614496436,0.110742915917604,0.065032120277393,0.0520661649160287,0.0787612586232654
5903014012_R06C02,0.655852162984399,0.207183469652761,0.0495461060379141,0.0352933388711415,0.0444777276517887,0.00629692422828841
5903014016_R01C01,0.704012867432848,0.0923651485245311,0.0310207909934871,0.0274804668812898,0.107192340165549,0.0379283860022943
5903014016_R02C01,0.542581467254332,0.215643137403374,0.117620946633615,0.0735972452133279,0.0254597254880655,0.025097478007286
5903014016_R03C01,0.801370087301886,0.108110630710893,1.10632271974887e-18,0.0166948365835029,0.0482996043786345,0.0255248410250838
5903014016_R05C01,0.573539612906408,0.223971241929367,0.0339097280395859,0.0381879763815495,0.0625321932153715,0.0678592475277186
5903014016_R06C01,0.681335100745096,0.192123976206556,0.0428872016331292,0.0148783414677081,0.021359304372796,0.0474160755747143
5903014016_R01C02,0.656010820292194,0.133191689339516,0.0229128482700916,0.0388676026012575,0.0640707358533231,0.084946303643617
5903014016_R02C02,0.562072005831461,0.13412481765347,0.0866063347179419,0.0478486854716287,0.0896462084459793,0.0797019478795192
5903014016_R04C02,0.567135917296208,0.172877680067058,0.0857699318520148,0.047957436793464,0.0797286735143987,0.0465303604768561
5903014016_R05C02,0.659392475583584,0.168647379108832,0.0485906889176248,0.0491313098652104,0.041459591589943,0.0327785549348058
5903014016_R06C02,0.65231573795081,0.169722503994508,0.0460941804935929,0.0511296476682974,0.0383039924842964,0.0424339374084956
5903014018_R01C01,0.570545708408127,0.231766377906217,0.0409974326659685,0.0468396523192276,0.0290349618894883,0.0805588659198354
5903014018_R02C01,0.776114288938092,0.079810125394111,0.00954157163307462,0.0235577444724969,0.0890269000027992,0.0219493695594265
5903014018_R03C01,0.635162702706689,0.197572015592721,0.0349332879313374,0.0392864225018278,0.057946197002095,0.03509937426533
5903014018_R04C01,0.647794567622864,0.122311555628497,0.0909959946419717,0.0163010315042402,0.0648886244036173,0.0577082261988095
5903014018_R05C01,0.607324962607494,0.115220940999044,0.100497273362199,0.02160317047327,0.0959122250913326,0.0594414274666602
5903014018_R06C01,0.490035508414199,0.183709748372379,0.127369931521726,0.0727798752756827,0.043846366264597,0.0772502055262512
5903014018_R01C02,0.594794412336797,0.194466374569536,0.0237689185215754,0.0596758618790633,0.0582545007201676,0.0665366136936749
5903014018_R02C02,0.685812270998504,0.164667851504214,0.0390897777119538,0.0253922189186963,0.0428348370683235,0.042203043798309
5903014018_R03C02,0.716719457470772,0.184091435127663,0.0149197247324164,0.0114358773005481,0.0264643414960456,0.0463691638725548
5903014018_R04C02,0.537311989915058,0.240596275056367,0.0628594247089811,0.0457840922295396,0.0323120530440819,0.0811361650459721
5903014018_R06C02,0.688134219110253,0.133541064159736,0.041194814735423,0.0626273312791614,0.0493998984259106,0.0251026722895163
5900833002_R01C01,0.755965387015881,0.054303730973841,0.0450222818236332,0.0445667842436392,0.0562078505704005,0.0355036562444417
5900833002_R02C01,0.580393714200631,0.142798963401352,0.0876545296111473,0.074248203865444,0.0514977277901021,0.0634068611313236
5900833002_R04C01,0.525936215780196,0.197344417242641,0.0762173646522848,0.120842292216574,0.0466258090975557,0.0330339010107491
5900833002_R05C01,0.635267256409576,0.148311707221607,0.109366949442311,0.0464050418163432,0.0331205738680813,0.027528471242081
5900833002_R06C01,0.661475269350773,0.140720080032091,0.0637483763583068,0.0641250889537527,0.0574225436308835,0.012508641674193
5900833002_R01C02,0.631085636770121,0.154681521007216,0.0776699482608195,0.0490316414109447,0.0674476824264306,0.0200835701244685
5900833002_R02C02,0.630809788116798,0.17499964289855,0.0510335771428677,0.0637634769852309,0.0598396509687798,0.0113628655036888
5900833002_R03C02,0.685650195629488,0.121783250223765,0.0446368086872825,0.0461295834580303,0.0711519102953146,0.0306482517061194
5900833002_R04C02,0.610748906510914,0.148954824360281,0.0671489309961491,0.0655219976441698,0.0284634502556344,0.0791618902328513
5900833002_R05C02,0.489410606964014,0.184088071188593,0.163783861082689,0.0422889371976102,0.0774038750441264,0.0419298061029014
5900833002_R06C02,0.659232665174872,0.122653558430246,0.0374023516011096,0.0361964809340322,0.0875705247061708,0.0569444191535697
5900833003_R01C01,0.634113156130841,0.145615873976508,0.0697747614768539,0.0463453637424104,0.071506181183608,0.0326446634897782
5900833003_R02C01,0.601464027779061,0.176063880567424,0.0945453660009802,0.0475075883275228,0.0174630115842222,0.061718555170205
5900833003_R03C01,0.741868059110965,0.121822310625877,0.0402955013361342,0.0406029640312761,0.0399141620997444,0.0154970027960036
5900833003_R04C01,0.599765140088866,0.124186663069984,0.0585455224143818,0.0744716394223198,0.0736546019388341,0.0693764330656144
5900833003_R05C01,0.672822839807357,0.119218240009941,0.0185758626785714,0.0558232191656043,0.0752877716448155,0.058272066693711
5900833003_R06C01,0.733262238026838,0.0985219017197601,0.0590177323246918,0.04272491976605,0.0612243868237614,0.00524882133889922
5900833003_R01C02,0.565685198283223,0.14823315178167,0.0683998411315467,0.0680653638232926,0.0441706273663751,0.105445817613893
5900833003_R02C02,0.48610067459981,0.168437006713904,0.158366546141829,0.0642988990743973,0.0599045886778527,0.0628922847922074
5900833003_R03C02,0.696670530957822,0.0935597301990239,0.0267083613256291,0.0336634096375085,0.0884760061508995,0.0609219617291166
5900833003_R04C02,0.554468524123733,0.230285230614724,0.0549994093840947,0.0797824908552457,0.05992976720553,0.0205345778166725
5900833003_R05C02,0.722718298637177,0.0935322438787896,0.0250720340260032,0.0508913878573653,0.0847897467571521,0.0229962888435124
5900833003_R06C02,0.44918486006531,0.213139307446101,0.159938290571366,0.0692510411257759,0.0655592882251409,0.0388885154690478
5900833005_R01C01,0.768608509926256,0.0826842276339256,0.0185152069607927,0.0317320664912304,0.0657535809962028,0.0327064079915925
5900833005_R02C01,0.718262551941572,0.101992622816512,1.02838470936176e-18,0.0932851041327326,0.0442067466903586,0.0422529744188254
5900833005_R03C01,0.548222055330079,0.10491539944883,0.173567888381757,0.0543568283362752,0.0488563845403495,0.0700814439627102
5900833005_R04C01,0.501786221898467,0.194824939340286,0,0.00912962854240068,0.081706673763479,0.180674172817765
5900833005_R05C01,0.554475502265333,0.163791096319107,0.126276717325549,0.0744753762007831,0.0318544769836065,0.0491268309056215
5900833005_R06C01,0.469476757408427,0.206759323228248,0.0837510530135439,0.108860070318868,0.0439651629176418,0.0871876331132715
5900833005_R02C02,0.757175744261122,0.0375497840076177,0.110512148759515,0.0256612538608384,0.0551295305937672,0.0139715385171388
5900833005_R03C02,0.641265903528665,0.137578854421367,0.0532506614187137,0.0459697827304175,0.0557746721889767,0.06282410842136
5900833005_R04C02,0.574516779219794,0.181550617599861,0.118300434515778,0.0535091561255531,0.0414067431754315,0.0307162693635822
5900833005_R05C02,0.764404477603892,0.0862140011231542,0.0483359716375449,0.0208597021031378,0.0555637089539297,0.0246221385783419
5900833005_R06C02,0.597216322018215,0.197535237957213,0.0210868140248265,0.0681423054964356,0.0520516345335166,0.0639676859697933
5900833008_R01C01,0.578216971470032,0.104885969667388,0.141678180313468,0.0383751818900329,0.0746256282256697,0.0622180684334087
5900833008_R02C01,0.471036061478153,0.163416406211666,0.123305157221944,0.0904152175434854,0.0382962131475422,0.113530944397209
5900833008_R03C01,0.656767385458237,0.083512644221355,0.11537161435352,0.0335838383745304,0.0475685635383463,0.0631959540540116
5900833008_R04C01,0.665014476337027,0.0677130955713755,0.0335720918087621,0.0352999360020181,0.0997306382243619,0.0923954372121939
5900833008_R05C01,0.754638096523001,0.0924586188812546,0.0768080524660518,0.0368127298505184,0.0312196184463757,0.00806288383279874
5900833008_R06C01,0.53040246923802,0.228705405981219,0.0964691632281887,0.0825080686478511,0.0349039058387765,0.027010987065944
5900833008_R01C02,0.65690969867334,0.086837308534086,0.0787325798008904,0.0324655169816601,0.0515713678939507,0.0934835281160725
5900833008_R02C02,0.772747076822731,0.0810696882624191,0.0648778023913001,0.0219693019704456,0.0378776446847288,0.0214584858683751
5900833008_R03C02,0.749553951619046,0.0734860210923184,0.0843934177434711,0.0344987944845221,0.0515403010893224,0.00652751397131997
5900833008_R04C02,0.516773345808332,0.177229057492208,0.126817735810218,0.0478896580831114,0.0379643576422301,0.0933258451639006
5900833008_R05C02,0.679415904426837,0.136266342514972,0.00315611121912265,0.0717659578536185,0.0829870885347589,0.0264085954506908
5900833008_R06C02,0.59177607374745,0.151736338738236,0.114903734318233,0.0517754409500102,0.0583878421834419,0.0314205700626288
5900833012_R01C01,0.503029409018867,0.213070479309557,0.134375751879112,0.120308574443051,0.0203472702823652,0.00886851506704782
5900833012_R03C01,0.576443207089237,0.291812704907128,0.0555483040539968,0.0537757297628265,0.0143018957822476,0.00811815840456385
5900833012_R04C01,0.404068803311607,0.287706670177616,0.0920550089133215,0.172853766944335,0.0115554497254686,0.0317603009276513
5900833012_R05C01,0.586583750467349,0.102365578648665,0.0965323141732497,0.0808469446942959,0.0872132546488871,0.0464581573675535
5900833012_R06C01,0.664500538570574,0.160545010623079,0.0420929972300714,0.0677596536499012,0.0399218624621134,0.0251799374642601
5900833012_R01C02,0.754509548635691,0.082428064453929,0,0.0183577715149006,0.0662073095759342,0.0550529791767718
5900833012_R02C02,0.571905952643934,0.137410500939371,0.0852486677594683,0.0979360567395175,0.0804669378398069,0.0270318840779022
5900833012_R03C02,0.475087192169246,0.203967630181233,0.119489901179906,0.0815158808128221,0.0468328704959107,0.0731065251608815
5900833012_R05C02,0.411920814613289,0.307099142514326,0.0476559027265427,0.131467543043342,0.0363444330532519,0.0655121640492494
5900833018_R01C01,0.47771992443942,0.172704170514736,0.0584714023153584,0.165971249603801,0.0683256695503011,0.0568075835763832
5900833018_R02C01,0.567861398020625,0.199578505682606,0.0306131039386405,0.0692990494123649,0.0595315346154392,0.073116408330325
5900833018_R03C01,0.420701249028026,0.265884816652949,0.0898231875360455,0.078172151845033,0.051890919795048,0.0935276751428983
5900833018_R04C01,0.513903261914123,0.278893340699332,0.0508439645920813,0.0619721423677726,0.0572252441545852,0.0371620462721059
5900833018_R06C01,0.428016577710302,0.191636085755497,0.0736049012565359,0.177926621058081,0.0589633870919258,0.0698524271276575
5900833018_R01C02,0.306119451649098,0.333604327990809,0.0999330928095416,0.146357081137354,0.03298321990227,0.081002826510927
5900833018_R02C02,0.563044402170104,0.217282229152361,0.0662843521790385,0.0702649186267999,0.0585971476237751,0.0245269502479217
5900833018_R03C02,0.537957928870612,0.169213148813038,0.0791490880130672,0.102238439061912,0.0590771314183711,0.0523642638229988
5900833018_R04C02,0.505540415801518,0.191866788442429,0.0694467732291198,0.0963002906295333,0.0798541582707469,0.0569915736266527
5900833018_R05C02,0.306719405088954,0.248799739950953,0.177643595495486,0.113672300850137,0.0751471019398132,0.0780178566746572
5900833018_R06C02,0.638203282828033,0.165105728378258,0.0681083978799338,0.0620420458892629,0.0229382473355157,0.0436022976889967
5900833019_R01C01,0.523620552387725,0.20793264419491,0.0833717089741487,0.09354069813284,0.0582789007374998,0.0332554955728767
5900833019_R02C01,0.584224161900113,0.131472610157534,0.0483539002112316,0.0959980531536504,0.074400664701076,0.0655506098763954
5900833019_R03C01,0.627277528631841,0.145465020525809,0.0452346883355412,0.0801655221475017,0.0927892628672715,0.00906797749203535
5900833019_R04C01,0.528926220626836,0.154956010330543,0.0631012867092912,0.0970871996843359,0.0702948677993991,0.0856344148495952
5900833019_R05C01,0.572173321001653,0.15922523723749,0.07083576421734,0.0446544248431222,0.0789272018946624,0.0741840508057323
5900833019_R06C01,0.51628145833079,0.207219787412673,0.120838836624582,0.0672589733046867,0.0484042754962292,0.0399966688310384
5900833019_R01C02,0.399182634220084,0.185514484476606,0.169704206582505,0.114886550764776,0.0528437902772329,0.0778683336787967
5900833019_R02C02,0.434620533170202,0.237186727986071,0.0493750793753659,0.177297166903294,0.0543333992694535,0.047187093295614
5900833019_R03C02,0.492242800913473,0.174710649443086,0.111930081954181,0.100177518202197,0.050164307937129,0.0707746415499345
5900833019_R04C02,0.385701327918496,0.200379954556572,0.119847220595951,0.112224470397506,0.0543619024036325,0.127485124127843
5900833019_R05C02,0.526580566763966,0.238778320870665,0.00315388070944618,0.102984180345768,0.0357854550201903,0.092717596289965
5900833019_R06C02,0.48801323688645,0.190444708244961,0.131745427241833,0.0616039173033074,0.051279079101172,0.0769136312222763
5900833029_R01C01,0.478687995531109,0.144503098841814,0.0655269616683662,0.0714625043614683,0.139413042790859,0.100406396806384
5900833029_R02C01,0.589017958944733,0.163089722252169,0.070458810001125,0.0628942385393017,0.0642039032112859,0.050335367051386
5900833029_R03C01,0.524546804949418,0.228790071236002,0.102530579735135,0.04829067098491,0.0518343490515887,0.0440075240429465
5900833029_R04C01,0.668739562727789,0.175494198951864,0.0356331624906532,0.0433453774900465,0.0401425362552607,0.0366451620843867
5900833029_R05C01,0.457052243139395,0.190238486710176,0.0842803494823496,0.125135858888959,0.0880014515758837,0.0552916102032373
5900833029_R06C01,0.667533906203646,0.137221278916501,0.0134634230791398,0.0602925867675783,0.0530804485752551,0.0684083564578792
5900833029_R01C02,0.440685204550059,0.302883618797168,0.0844846614977169,0.0955571863614929,0.0365405770137637,0.0398487517797999
5900833029_R02C02,0.498569051682268,0.175952290185128,0.0639140660930995,0.0994577334602881,0.071976410860575,0.0901304477186414
5900833029_R03C02,0.660048719222013,0.131779717815294,0.0867476078476968,0.0494332506863643,0.0480750717047256,0.0239156327239067
5900833029_R04C02,0.564137131122638,0.180516777329782,0.0745011061569442,0.0691736821867693,0.0584357504638234,0.0532355527400432
5900833029_R05C02,0.685792481353869,0.114549866191743,0.0232251778192268,0.072913736758712,0.0629858538007565,0.0405328840756927
5900833029_R06C02,0.287432660771353,0.406776462649442,0.0816219536490306,0.0601818780419162,0.0444049431696324,0.103959933681617
5901393002_R02C01,0.804346784876398,0.141117307057218,0.00197845946315813,0.0250328399930653,0.0275246086101607,0
5901393002_R03C01,0.608685687439091,0.151442538324544,0.0691336051482358,0.0631845013607937,0.0556415299352407,0.0519121377920946
5901393002_R04C01,0.667135310462883,0.122942424311012,0.0455365868724569,0.0734355877698233,0.040180812056353,0.0507692785274725
5901393002_R05C01,0.496765933593088,0.257143135524651,0.0559535143529348,0.0410353176306406,0.0573429147732435,0.0917591841254415
5901393002_R06C01,0.675847960108013,0.141467330414964,0.0470772067041347,0.0401196696664495,0.0537632405133281,0.0417245925931104
5901393002_R01C02,0.604478302829752,0.147961699431611,0.0714325349976025,0.047355100957572,0.0729601892224197,0.0558121725610423
5901393002_R02C02,0.557658801831565,0.21352714322536,0.0225165109512842,0.047102704746904,0.0578270461956163,0.101367793049271
5901393002_R03C02,0.613482399494797,0.193023011285204,0.00901025394767805,0.0530738254433604,0.0577787599239846,0.073631749904976
5901393002_R04C02,0.494185900936695,0.196941559873996,0.107414303072426,0.0879778268242084,0.0324544194464779,0.0810259898461974
5901393002_R05C02,0.699749958604353,0.110598068531595,0.0443728777000859,0.0537893543152726,0.07041743415874,0.0210723066899533
5901393002_R06C02,0.484162110664455,0.243448429342632,0.115055123184788,0.0656368927404316,0.0485510264188661,0.0431464176488273
5901393005_R01C01,0.521962231655111,0.197583600100923,0.111798385193385,0.0528053091570521,0.039641503562397,0.0762089703311317
5901393005_R02C01,0.597396237682826,0.152252793690336,0.0573969632108205,0.0488123888829463,0.0534451618182226,0.0906964547148487
5901393005_R03C01,0.469997832168456,0.253589665532398,0.0623425058003596,0.0593417363950519,0.0349833259977684,0.119744934105966
5901393005_R04C01,0.500813515055819,0.224864321927338,0.0300873909848863,0.123777588217817,0.0555080910739665,0.064949092740173
5901393005_R05C01,0.540683701610403,0.16598925348937,0.110693553942746,0.0775049127245593,0.0700006354460899,0.0351279427868317
5901393005_R06C01,0.366217576321824,0.221647329093256,0.217807161447954,0.101105841824175,0.0499598462253242,0.0432622450874663
5901393005_R01C02,0.530480076420478,0.198021246950876,0.109134614229139,0.0445105156713754,0.0697962453348449,0.0480573013932873
5901393005_R02C02,0.759298706911947,0.0782225966000632,0.0375304081694805,0.0437500289803775,0.0480932043935512,0.0331050549445802
5901393005_R03C02,0.752459431534253,0.0748522175224081,0.0439077344482051,0.0219253495611337,0.0774803258130696,0.0293749411209303
5901393005_R05C02,0.625778200478878,0.149274129921647,0.0748459148043789,0.0587669095695579,0.0694258150492214,0.021909030176317
5901393005_R06C02,0.646668558728492,0.152345546406774,0.0529737907791122,0.053692434328727,0.0475791527934148,0.046740516963479
5901393012_R02C01,0.813828805500274,0.0659427159775131,0.00780887490314943,0.0192307705649072,0.0608482716277677,0.032093613989204
5901393012_R03C01,0.59725031145254,0.134714816237632,0.0791714705571649,0.0467392634749901,0.061474083719668,0.0806500545580048
5901393012_R04C01,0.537123692501578,0.148942892352421,0.157134842845419,0.032432988277809,0.067477743279344,0.0568878407434297
5901393012_R05C01,0.464827491842249,0.252942009841524,0.122814647424549,0.0935937708413488,0.0484805197067904,0.0173415603435385
5901393012_R06C01,0.394130699700608,0.201019900080065,0.131416213732389,0.062591777909066,0.101858049963348,0.108983358614524
5901393012_R02C02,0.610959480514447,0.147907423330391,0.0944396214173349,0.0592740033082064,0.0497313726675628,0.0376880987620585
5901393012_R03C02,0.486765792464666,0.136278771475465,0.174878615406071,0.064975935800243,0.0447531505133473,0.0923477343402068
5901393012_R04C02,0.540777066406043,0.215420990732686,0.088339531327457,0.0838397522065823,0.031190995306561,0.0404316640206701
5901393012_R05C02,0.812206418772942,0.0379234388204954,0.049766915006995,0.02012554888409,0.0490544364653522,0.0309232420501252
5901393012_R06C02,0.57372992076377,0.172622851459366,0.0860341060737574,0.125463839660981,0.025319187971572,0.0168300940705532
5900833016_R01C01,0.6905153498913,0.139454259859001,0.0475386448188066,0.0417083019935343,0.0586255060384578,0.0221579373988999
5900833016_R02C01,0.630431492235789,0.120886220116451,0.0482926624587301,0.0656031735266753,0.0805663604492557,0.0542200912130991
5900833016_R03C01,0.697094862300046,0.0681541361249621,0.0829289460705653,0.0387988945745429,0.0481830549121404,0.0648401060177429
5900833016_R04C01,0.526478004082372,0.171917823248628,0.0804395048390191,0.0918097139297643,0.0608270024721034,0.0685279514281128
5900833016_R05C01,0.641056371420801,0.129587249403402,0.0578466290996598,0.0330037058432805,0.0729723507492503,0.0655336934836063
5900833016_R06C01,0.754869447095156,0.0942099387621001,0.0228665514122615,0.0252539431406761,0.0708191759765819,0.0319809436132243
5900833016_R01C02,0.500567597308596,0.162273008835196,0.180352052071812,0.057361903633144,0.0351717201176513,0.0642737180336009
5900833016_R02C02,0.480515131336794,0.15062658771085,0.110176884773449,0.0636963469961322,0.0299268306709063,0.165058218511869
5900833016_R03C02,0.682800027073705,0.175687006578875,0.0310023439324329,0.0372441844288151,0.0277887688055266,0.0454776691806457
5900833016_R04C02,0.60583383817679,0.113662826094978,0.102921178281022,0.0823627920977947,0.0465185782539217,0.048700787095493
5900833016_R05C02,0.617267005297029,0.199367830963714,0.0817773477623935,0.0301669431373809,0.0414650105408165,0.0299558622986655
5900833016_R06C02,0.619294338478176,0.0999256338087794,0.125418838748865,0.0303252620482731,0.0577419580615815,0.0672939688543258
5900833017_R01C01,0.697389918353742,0.131266967145249,0.0376548827354556,0.0598649498588286,0.0518221393519719,0.0220011425547526
5900833017_R02C01,0.532399624617633,0.188136341033346,0.0556717155160655,0.105854871683593,0.058418505371457,0.0595189417779055
5900833017_R03C01,0.331718148203676,0.227556480540237,0.109100370542759,0.167713058573851,0.0639205489660166,0.09999139317346
5900833017_R04C01,0.612026678202227,0.162323285523409,0.0358465410495209,0.0670148036386605,0.0881592147854003,0.0346294768007827
5900833017_R05C01,0.583326478276759,0.192996703178931,0.0891082907612323,0.0704507171060726,0.0417783695718656,0.0223394411051393
5900833017_R06C01,0.355743485174789,0.265567334207985,0.126408153837996,0.158983389775159,0.0541913697811088,0.0391062672229625
5900833017_R01C02,0.334649716586454,0.322370052895007,0.124597050670741,0.0866469194500649,0.0334186440305475,0.0983176163671861
5900833017_R02C02,0.482441211249884,0.26419007041083,0.0456923419242139,0.0790174467403485,0.0727708726624605,0.0558880570122632
5900833017_R03C02,0.341968315597624,0.322744137840431,0.0715553406520344,0.112907776387413,0.0435480077089851,0.107276421813512
5900833017_R04C02,0.418537529394245,0.294259890887089,0.120729432789011,0.0624781774509617,0.0490444775863114,0.054950491892382
5900833017_R05C02,0.552326694593564,0.247937325352447,0.0652435606819998,0.056771342423316,0.0434443278774872,0.0342767490711859
5900833017_R06C02,0.295703658464649,0.308999602570644,0.0857596871274279,0.12358396115732,0.0450740828753031,0.140879007804657
5900833020_R01C01,0.575221424574324,0.158283513320812,0.134299609817931,0.0575164221936223,0.0115563590123379,0.0631226710809732
5900833020_R02C01,0.402001882645537,0.232145206344462,0.104862554341449,0.0997637060022483,0.0662945828810442,0.09493206778526
5900833020_R03C01,0.417403066312568,0.356351272527297,0.0578436051454038,0.0508970700538856,0.0550754179038717,0.0624295680569738
5900833020_R04C01,0.324071438031244,0.425965052118058,0.0790880170080238,0.0915735509903606,0.0316788540909122,0.0476230877614018
5900833020_R05C01,0.349992015283269,0.367603039472111,0.0895222837981855,0.0990204372285085,0.0491141276154288,0.0447480966024971
5900833020_R06C01,0.563622948365785,0.173391205554368,0.105922476406216,0.0690171718686657,0.0315182466381156,0.0565279511668494
5900833020_R01C02,0.596292215530201,0.125374901278729,0.130086749121286,0.0648119252064244,0.0405923491294377,0.0428418597339227
5900833020_R02C02,0.462408722039375,0.292280072553727,0.118668181311474,0.101220208350902,0.0254228157445224,0
5900833020_R03C02,0.478918207471341,0.245216378338349,0.131924029615684,0.0935866201419839,0.017979513604135,0.0323752508285069
5900833020_R04C02,0.68119641929573,0.10422473283514,0.0794761373476469,0.0819436749696927,0.025790689813067,0.0273683457387235
5900833020_R05C02,0.606530215775183,0.189851943782377,0.0469316274076479,0.0849901562587852,0.0610708440062331,0.0106252127697741
5900833020_R06C02,0.386218640715344,0.223026662440857,0.106389140384511,0.192962308041495,0.00996299076246108,0.0814402576553311
5900833021_R01C01,0.558450723644676,0.214279178119105,0.0939341922404211,0.0962689981893867,0.0274381131374016,0.00709041402913416
5900833021_R02C01,0.862680480427005,0.0476050773278074,0,0.0442996808555353,0.0329206222422469,0.0124941391474059
5900833021_R03C01,0.611384741355902,0.174303831596049,0.046480759918098,0.0904982871233321,0.0315080981366987,0.0458242818699202
5900833021_R04C01,0.574990153652094,0.162019918715974,0.0694400886600714,0.116219511435862,0.0414637578963396,0.035866569639659
5900833021_R05C01,0.694121581365871,0.121936141310399,0.0500909307235578,0.0650948350490173,0.0523998696275652,0.0163566419235891
5900833021_R06C01,0.464208611507226,0.214187690677103,0.0860749706030157,0.133076517114019,0.0462908687500858,0.0561613413485509
5900833021_R01C02,0.680329020804895,0.205140077787343,0.0317214209057328,0.0463319865198548,0.0268521218597456,0.00962537212242914
5900833021_R02C02,0.624761194913084,0.100108186852697,0.11325782818518,0.0489990864751343,0.0496760861356845,0.0631976174382206
5900833021_R03C02,0.487216047407799,0.287205144533691,0.0469334943571565,0.130261627421003,0.042219497288367,0.0061641889919828
5900833021_R04C02,0.582801808378225,0.179649440266616,0.0741175540356039,0.0828943360907148,0.0497357046694199,0.0308011565594202
5900833021_R05C02,0.544567634096512,0.261680222832968,0.0214766933309199,0.0759199008784788,0.0581711877901985,0.0381843610709224
5900833021_R06C02,0.593660220669657,0.168461657453919,0.0888946346637443,0.0841264279103935,0.0388025679334121,0.0260544913688741
5900833033_R01C01,0.425076351933969,0.256647592858151,0.0993250508179323,0.158879777249269,0.0239163847438341,0.0361548423968442
5900833033_R02C01,0.59423592972631,0.193730311649123,0.015397727100129,0.127491934964615,0.039149986634883,0.0299941099249406
5900833033_R03C01,0.689696583318639,0.129651682591163,0.0744093026212391,0.058498273297639,0.0211082564437674,0.0266359017275523
5900833033_R04C01,0.46991925403966,0.283532994177673,0.13564869081601,0.0382232708963992,0.0188159796831756,0.0538598103870826
5900833033_R05C01,0.590406695088195,0.193116778078832,0.0394936057578422,0.149731502596357,0,0.0272514184787743
5900833033_R06C01,0.468189439351146,0.196634014895706,0.184010276237311,0.102701400733416,0.0280285320359226,0.0204363367464979
5900833033_R01C02,0.791247900174374,0.0997745016686555,0.0301537534844623,0.0445506164879964,0.0283041956683434,0.00596903251616877
5900833033_R02C02,0.509802753882425,0.278790229764985,0.0453464652367221,0.141908043897228,0.0100259754433159,0.0141265317753239
5900833033_R03C02,0.468176972781758,0.240387291735637,0.0948864593457862,0.071623216550151,0.0333670905975057,0.0915589689891626
5900833033_R04C02,0.642630072595924,0.171034868158644,0.0680686675406145,0.0506618691817691,0.0583516868665231,0.00925283565652531
5900833033_R05C02,0.615400936896538,0.137156274072254,0.112663445042451,0.0804494143612594,0.0256402628899632,0.0286896667375349
5900833033_R06C02,0.590705271976771,0.154005617944354,0.100207692638609,0.0688445782456535,0.0349685736701096,0.0512682655245023
5901393001_R01C01,0.646143496639618,0.11382142587949,0.106028666371803,0.0267977131827433,0.0651494670792635,0.042059230847083
5901393001_R02C01,0.638743635256933,0.133339426170637,0.0591813981708559,0.0601805490110713,0.049985352002081,0.0585696393884218
5901393001_R03C01,0.758729841712544,0.0534749552147209,0.0859143544965652,0.0205142297211749,0.0465732192718383,0.0347933995831568
5901393001_R04C01,0.589755283269691,0.249148778250934,0.0261217164623472,0.06344912693738,0.00879391564707675,0.062731179432571
5901393001_R01C02,0.705514926659735,0.171160784565038,0.015361899012247,0.0543675001961255,0.0535948895668543,0
5901393001_R02C02,0.679032947386561,0.110711067350113,0.0465824861571514,0.0475189987770955,0.0922418460001665,0.0239126543289126
5901393001_R03C02,0.432929853054999,0.170307388414618,0.171016005459129,0.0742164425195327,0.0824206794018388,0.0691096311498829
5901393001_R04C02,0.846031148269252,0.0729187061657948,-8.03922092825851e-19,0.0217680950560614,0.0592820505088921,0
5901393001_R06C02,0.699185746033412,0.0889855212080905,0.0674485850209367,0.0302468200661078,0.0216661247471518,0.0924672029243008
5901393007_R01C01,0.539974042190859,0.160734756341438,0.11773007580838,0.0292976421331104,0.0853260436561832,0.0669374398700293
5901393007_R02C01,0.466028936120916,0.134365703939376,0.21484699358614,0.0547126846243878,0.0944301265119042,0.0356155552172761
5901393007_R03C01,0.679795259147199,0.162110679139837,0.0221863876169049,0.0179027325641864,0.0737792554085001,0.0442256861233721
5901393007_R04C01,0.409110043664591,0.220487492500281,0.132867007854109,0.0817340022174166,0.096169889268675,0.0596315644949271
5901393007_R05C01,0.739430688878613,0.102317748822526,0.0283163473920207,0.0396898348971154,0.0461568853349115,0.0440884946748138
5901393007_R06C01,0.599040319974603,0.154374362399858,0.094456717397648,0.0356258697303414,0.0733789198690388,0.0431238106285101
5901393007_R01C02,0.473035447504378,0.326293420795083,0.0476835144281451,0.0694796859183488,0.0530889757479114,0.0304189556061344
5901393007_R02C02,0.511444820753798,0.123877925431455,0.106890885481715,0.0715369306255748,0.0673870411204354,0.118862396587023
5901393007_R03C02,0.614169547276374,0.140567088735417,0.129738882629636,0.0196279732948262,0.0390863368084826,0.0568101712552639
5901393007_R04C02,0.578169812665308,0.121142350773776,0.129262960360515,0.0638721182266237,0.0744670391193636,0.033085718854414
5901393007_R05C02,0.67628840976899,0.0925897012467534,0.0145257838309146,0.0984772676472168,0.080111251683858,0.0380075858222676
5901393007_R06C02,0.584629453893127,0.213521620241902,0.0680816080531922,0.0524329084843544,0.0634493169436043,0.0178850923838198
5901393011_R01C01,0.557804040671676,0.132189848754322,0.0328855344365268,0.0940026563788606,0.108232579277699,0.0748853404809163
5901393011_R02C01,0.677769589782591,0.172548292956809,0.0534066697867786,0.0281794082860049,0.0481932471746462,0.0199027920131711
5901393011_R03C01,0.617407821068399,0.115071724262545,0.0361577868952311,0.0297871033660897,0.118441161703279,0.0831344027044564
5901393011_R04C01,0.426890101344372,0.353529009709655,0.0894304900104371,0.0319819875840028,0.0793990876247938,0.0187693237267391
5901393011_R02C02,0.471893996301198,0.151285167987228,0.150473611957177,0.114347216913999,0.0545716109365737,0.0488785436604199
5901393011_R03C02,0.53620171330131,0.327396649833975,0.0417287182075357,0.047888242629404,0.0428980939523661,0.00388658207540911
5901393011_R04C02,0.510531195853739,0.216933693283503,0.060464554656786,0.0539904215312522,0.0972700040460652,0.0608101306286545
5901393011_R05C02,0.486692104367418,0.118185160476379,0.112645409889649,0.161994286472391,0.0761779382773879,0.0443051005167761
5901393011_R06C02,0.532326513105074,0.276790272462701,0.0406345626574028,0.0377094746017876,0.0671273350902141,0.0454118420828207
5901393014_R01C01,0.504431388061471,0.168940238926528,0.0999031600574879,0.0510175354373524,0.0663993929016412,0.10930828461552
5901393014_R02C01,0.464197620631582,0.234647234144017,0.0797095970721663,0.0811961853720942,0.0747237354495797,0.0655256273305606
5901393014_R03C01,0.42995373820189,0.230581287764802,0.102230582009549,0.121353488299417,0.0495254975522227,0.0663554061721186
5901393014_R04C01,0.499927728003401,0.171506627833235,0.157766178544777,0.022823451984315,0.101593521839303,0.0463824917949687
5901393014_R05C01,0.682217982323789,0.154702905819685,0.0342029191572548,0.0366933413749278,0.065200081745808,0.0269827695785352
5901393014_R01C02,0.610618089900701,0.169958793269561,0.0738077831015857,0.038800039689257,0.0783818704555693,0.0284334235833259
5901393014_R02C02,0.815794570420953,0.0888461647900759,0.0421853379459281,0.0310802154320466,0.0220937114109959,-2.16840434497101e-19
5901393014_R03C02,0.546229830033391,0.177328131838056,0.115328325330687,0.0529304226633597,0.0858508910634166,0.02233239907109
5901393014_R04C02,0.759964046833931,0.100996870125331,0.00640325494717559,0.0849928403310657,0.0476429877624966,0
5901393014_R05C02,0.386212210604999,0.337951175084774,0.0806478537603693,0.0876914902690003,0.0838204608380843,0.0236768094427727
5901393016_R01C01,0.655553605290129,0.143379286954278,0.0433990042350071,0.0398678096793166,0.114994015804445,0.00280627803682407
5901393016_R02C01,0.467098183135871,0.259182627490633,0.0919276482070466,0.0566804210028929,0.0696484700463972,0.0554626501171589
5901393016_R03C01,0.529387569589555,0.252243055605172,0.0739125972916461,0.0495157155722576,0.0515625212380516,0.0433785407033173
5901393016_R05C01,0.618210742795715,0.200491399401843,0.00388854462418613,0.0455173020334322,0.0746483056183684,0.0572437055264551
5901393016_R06C01,0.714070136998113,0.0840084926084888,0.0522750356501597,0.0124129806415194,0.0888689068876484,0.0483644472140712
5901393016_R01C02,0.623958821020388,0.169314090205555,0.0815530096024554,0.0407796734974403,0.075770827421521,0.00862357825264059
5901393016_R02C02,0.628238117827013,0.191998370012024,0.0724186393048141,0.0010009128638301,0.0426590355792182,0.0591985600751851
5901393016_R03C02,0.751832224350393,0.122248043472938,0.0456554545514909,0.0193290142765289,0.038740653898976,0.0221946094496737
5901393016_R05C02,0.421450477192801,0.194323089237027,0.052203143693976,0.234739829091021,0.0871452345052367,0
5901393016_R06C02,0.477071380985654,0.174074032404264,0.052952564774054,0.135695420848657,0.108479435166345,0.051727165821026
5901393024_R01C01,0.666677333060776,0.140677794595066,0.044890719478391,0.0342410842576301,0.0487965666485363,0.0647165019596007
5901393024_R02C01,0.56605454036889,0.171308543454797,0.0585236533383276,0.0609430639374498,0.0692572729273132,0.0739129259732224
5901393024_R03C01,0.498123879408901,0.242590413956615,0.0696088136152632,0.133878087986882,0.0455264798725205,0.0102723251598177
5901393024_R04C01,0.464199615275846,0.180978663190092,0.0940195103525684,0.0748464599464149,0.134053009568489,0.0519027416665897
5901393024_R05C01,0.66121674261098,0.0827228933534962,0.105745030952708,0.0275830456983862,0.0461137855734239,0.0766185018110056
5901393024_R06C01,0.730877791663711,0.110680278340571,0.0574618163706969,0.0286759191762487,0.0627487062725982,0.00955548817617422
5901393024_R01C02,0.707050710880838,0.161266117189641,0.0450693433303471,0.023905905080164,0.0627079235190097,0
5901393024_R02C02,0.709222305550445,0.112730459982539,0.0321597471004481,0.0474329259638656,0.082355245875522,0.0160993155271806
5901393024_R03C02,0.630045377233272,0.208762384126787,0.0458794325876814,0.032033069567472,0.0832797364847875,0
5901393024_R04C02,0.538865794939253,0.162379495412656,0.143212478899429,0.0517434217216992,0.0538615788866358,0.0499372301403268
5901393024_R05C02,0.489037761206375,0.231929820554862,0.132742257367158,0.0567626381675156,0.0548906570535009,0.0346368656505885
5901393024_R06C02,0.565478813937762,0.100473416000408,0.169814448371088,0.044714731853402,0.0725325783883258,0.0466313326259045
5806484025_R04C01,0.539298989103857,0.165269431604776,0.074404143303541,0.100962395136757,0.0730597844809842,0.0470052563700853
5806484025_R05C01,0.689423803407779,0.149443743222986,0.0393624866195266,0.0632195364906707,0.0513690060596126,0.0071814241994253
5806484025_R06C01,0.518523530313766,0.20906207008677,0.113742821133378,0.0464613010784053,0.0640139458731408,0.0481963315145393
5806484025_R02C02,0.67016686013665,0.187902717957114,0.031033339535878,0.0519968226503787,0.0406079494718532,0.0175537588136523
5806484025_R03C02,0.572730296432363,0.167593741656109,0.0737228938780951,0.0899804924809441,0.0731307626816107,0.0216016492941031
5806484025_R04C02,0.69831468037841,0.0913266976394621,0.0418104360439782,0.0505461739846173,0.0902053725801339,0.0277966393733989
5806484025_R05C02,0.705006629455984,0.14051971897027,0.0196576296037693,0.0120639376226538,0.107382973843537,0.0153691105037852
5806484025_R06C02,0.453530866905527,0.247853813368072,0.115336076603002,0.0246589277570704,0.129453618530196,0.0291666968361336
5806484016_R01C01,0.67535258375703,0.158684347371557,0.0319929835354756,0.021249576212492,0.0881952749505775,0.0245252341728679
5806484016_R02C01,0.634792740981868,0.177606318798691,0.0245576649922001,0.0302633813053262,0.0730999273190975,0.0596799666028168
5806484016_R03C01,0.750589372588919,0.0901185263482468,0.0044050109322509,0.0437136978425603,0.0855208889543808,0.0256525033336426
5806484016_R04C01,0.594926703420661,0.19424032957262,0.116485002257292,0.0352240228343091,0.0591239419151186,8.67361737988404e-19
5806484016_R05C01,0.547831170726116,0.195578871940125,0.0744433968863282,0.0428389314217491,0.0537530303774027,0.0855545986482786
5806484016_R06C01,0.552729680434197,0.21877789469119,0.140081755772203,0.0186715024965413,0.0595638959846167,0.0101752706212522
5806484016_R02C02,0.670204406936235,0.160796027945219,0.0156851644928508,0.0204004065829043,0.0914868892933541,0.0414271047494371
5806484016_R03C02,0.674104414529057,0.155436475754656,0.0591966189412817,0.0333169238061941,0.0614194887214333,0.0165260782473777
5806484016_R04C02,0.625523640504956,0.162534819454762,0.101962582277027,0.0498854833766039,0.0352814620286929,0.0248120123579588
5901393019_R01C01,0.609349558163721,0.138296925730083,0.0513680461629483,0.0561520588811509,0.0949877998224913,0.0498456112396057
5901393019_R02C01,0.450258359930845,0.168422309802287,0.191973075574522,0.0548097445029641,0.0783930033027334,0.0561435068866487
5901393019_R03C01,0.670829737880922,0.0935177313631846,0.0806555887226073,0.0269390307146234,0.064555197691884,0.0635027136267789
5901393019_R04C01,0.477405032692728,0.105230772670164,0.176371314077335,0.0584543661362925,0.102939747313515,0.0795987671099658
5901393019_R05C01,0.610699894491819,0.174175488291033,0.0193607425169882,0.0874522992016834,0.0730253141559475,0.0352862613425293
5901393019_R06C01,0.539390480147994,0.19505029879274,0.0933546825288649,0.0653266330785582,0.0452689642619488,0.0616089411898944
5901393019_R01C02,0.759443447379384,0.107960200597905,0.0136899853674247,0.0390911397629227,0.0605532603180068,0.0087371719045797
5901393019_R03C02,0.647428826515632,0.124585918243117,0.0941473688050636,0.0518347061377933,0.0550950323842785,0.0269081479141149
5901393019_R05C02,0.671340983760921,0.129951283536885,0.0320571690513161,0.0434337342362928,0.0737773097195264,0.0344613004842045
5901393019_R06C02,0.610792321558861,0.190806024242962,0.027152535568401,0.0803191144106326,0.059791766843903,0.0311382373752408
5901393020_R01C01,0.571131075771162,0.14065593059357,0.0950368746337773,0.0408362188126448,0.0986396509431631,0.0537002492456831
5901393020_R02C01,0.772272369882504,0.0991053862421852,0.0094487002111477,0.0480181763069011,0.0470113388696443,0.0241440284876177
5901393020_R03C01,0.597068422392755,0.162426403451923,0.0801240440265801,0.0435237578931116,0.0492918025762655,0.067565569659365
5901393020_R06C01,0.573286303999545,0.111670068244395,0.145012683329692,0.0599080456511457,0.0415218442982691,0.0686010544769534
5901393020_R01C02,0.512118030112821,0.224187823567677,0.0508349485816666,0.0394550261071324,0.071214983864227,0.102189187766476
5901393020_R02C02,0.658075448426213,0.0867479851291467,0.0668601364509425,0.0338321017039663,0.0651079199526215,0.0893764083371101
5901393020_R03C02,0.553117379890404,0.103165976919893,0.0575216692757876,0.0446141060785687,0.200455858393679,0.0346177699183984
5901393020_R04C02,0.584145088053173,0.138202906258941,0.0739402552581805,0.0895604897360545,0.0489582028334217,0.065193057860229
5901393020_R05C02,0.519075759083926,0.264971788435739,0.0478258298513512,0.0979309931212971,0.0243940505869821,0.0458015789207039
5901393020_R06C02,0.656928836447674,0.0672871383347119,0.0599749940513783,0.0336437569168487,0.118119576454263,0.064045697795124
5901393025_R01C01,0.469627037716587,0.218481405794496,0.0847733049982991,0.0539479074311222,0.066043981156625,0.10712636290287
5901393025_R02C01,0.409331598117157,0.12537440408165,0.169625206783854,0.0508448891765491,0.0676655887713482,0.177158313069443
5901393025_R03C01,0.669706662136221,0.130291266466737,0.0776610606693358,0.0260446993409378,0.0874062994044263,0.00889001198234288
5901393025_R04C01,0.532074401480319,0.16264513732206,0.174094631840555,0.0444260352521431,0.0720144078095259,0.0147453862953958
5901393025_R06C01,0.58999463534883,0.169489026860252,0.0460404666125821,0.0751211568397268,0.0865968606272637,0.032757853711345
5901393025_R01C02,0.501422956600379,0.199901187347035,0.133151948291671,0.0588656463273413,0.0608472783611995,0.0458109830723749
5901393025_R02C02,0.561073078654646,0.166330203908663,0.0956828253470938,0.0618096218213742,0.0475205828659094,0.0675836874023136
5901393025_R03C02,0.695305450976238,0.0921276658705239,0.0708235605620369,0.0539561380468918,0.0593929454539113,0.0283942390903976
5901393025_R04C02,0.676489676484755,0.191963870541125,0.0447160600930958,0.0383204599753581,0.0485099329056665,0
5901393025_R05C02,0.583883069143821,0.218459988225638,0.0754680720660284,0.0724601613663477,0.0497287091981644,0
5901393025_R06C02,0.499867386053691,0.23766001448061,0.0578073751806066,0.0532612828357625,0.063504333023402,0.0878996084259288
5901393027_R03C01,0.538194399212947,0.219948211852225,0.00410563276826015,0.0754784368004022,0.0516532728069398,0.110620046559227
5901393027_R04C01,0.380395752065557,0.256187448772555,0.0973091109357578,0.0920400743141567,0.0760068082887539,0.0980608056232201
5901393027_R05C01,0.487590917688486,0.126650537398275,0.172501942032332,0.0644684538628597,0.0750652253583255,0.0737229236597219
5901393027_R06C01,0.70424220188545,0.106229371735035,0.0293288355673913,0.031998091748728,0.0826639437351392,0.0455375553282564
5901393027_R01C02,0.645276972772942,0.119023115527142,0.0123112765124151,0.0827657044257703,0.0819661558424463,0.0586567749192841
5901393027_R02C02,0.634992964988243,0.225860160681899,0.0632484301901643,0.0470666412378424,0.028831802901851,0
5901393027_R03C02,0.501257546816821,0.0838312893880725,0.144944414449556,0.0414731997875892,0.0597224867509906,0.16877106280697
5901393027_R06C02,0.570905259516273,0.210731317189466,0.0830315505006945,0.0694510487331857,0.0346699762836253,0.0312108477767553
5901393028_R04C02,0.528933816363291,0.230268984063073,0.10921564775261,0.042963109282934,0.0464161622657196,0.0422022802723731
6190781012_R06C02,0.462307967052378,0.302968244504455,0.0731927699661458,0.0544371369050227,0.026660616594119,0.0804332649778794
6190781040_R01C01,0.454929238637727,0.172018479962489,0.141603546183927,0.0820904592255332,0.0474628624969866,0.0932996120323579
6190781040_R02C01,0.443279606094226,0.340138948972,0.137094395802423,0.0674428733761488,0,0.0108751180013556
6190781040_R03C01,0.4141432204481,0.153521109026944,0.162487592104973,0.151060785851724,0.0537380102862571,0.052240381635611
6190781040_R05C01,0.521997550690008,0.0992874850508499,0.19368807976983,0.0569608451018303,0.0323201770760831,0.0957458623113986
6190781040_R06C01,0.628820479963817,0.204018624245527,0.056687951750543,0.0330070466275803,0.0475602089033449,0.0299056885091873
6190781040_R01C02,0.546508366892991,0.243257523635063,0.0835230507814194,0.0587050445739273,0.0404483200620394,0.0275576940545607
6752625006_R01C01,0.500104936282101,0.243373162345979,0.115702357416605,0.0665072432016652,0.0410478348460697,0.0332644659075793
6752625006_R04C01,0.631503691109463,0.171544277276727,0.0617602700419086,0.0606128455947299,0.0393780632058303,0.0352008527713407
6752625006_R02C02,0.525458936705216,0.205465910161998,0.139250068000523,0.0972863218136198,0.0325387633186427,0
6752625006_R05C02,0.572983038441759,0.144764501439132,0.0989625931133006,0.0581926288257014,0.0667352079195019,0.0583620302606049
6752625020_R05C01,0.657096348153017,0.212137626940691,0.0533877419553721,0.0601516191279608,0.00910823774661724,0.00811842607634187
6752625020_R01C02,0.664964233486935,0.152444118891158,0.0472083511451299,0.0413070221212482,0.0516700236421684,0.0424062507133606
6752625020_R02C02,0.639040455827933,0.145503141514073,0.098147564560127,0.0473708460167167,0.0474976088932729,0.0224403831878771
6752625020_R03C02,0.635467143377796,0.205734728825292,0.00813484358531475,0.0831307332455871,0.0335405301077218,0.033992020858288
6752625021_R03C02,0.601398390035079,0.248476574802315,0.0228941726519838,0.0801769895210963,0.0396281022031505,0.00742577078637595
6752625021_R04C02,0.732986755176364,0.104235164159443,0.0316028719220879,0.045704846086944,0.0477748975662336,0.0376954650889266
6752625021_R06C02,0.598380100772827,0.18874092811282,0.0824384266327432,0.0552805552897636,0.0306305376106894,0.0445294515811566
6752625029_R02C01,0.587784605876337,0.265780368688249,0.0865634911270032,0.0230337031264934,0.0235999908524334,0.0132378403294845
6752625029_R04C01,0.479081346404535,0.251534621448964,0.13727509078483,0.0698748529607665,0.0340150075275738,0.0282190808733312
6752625029_R05C01,0.707206274934991,0.12329291154312,0.0958485071440119,0.0395411282833969,0.0329004715547918,0.00121070653968849
6752625029_R02C02,0.641307497648988,0.176807866347531,0.0522921927332142,0.0416845755929364,0.0510336259715427,0.0368742417057875
6752625029_R04C02,0.645008589694262,0.175281986187622,0.0949663327942676,0.0346434079614519,0.0171582007681696,0.0329414825942271
6752625029_R05C02,0.661726351345415,0.216839779073764,0.0508084871818328,0.0442321689361084,0.00960217291397246,0.0167910405489075
6752625033_R02C01,0.80064444245818,0.0978719651058167,0,0.0178576344100696,0.0613971285962491,0.0222288294296848
6752625033_R05C01,0.743865624885675,0.084074908937763,0.0297313412683826,0.0139413963094953,0.0642921595627438,0.0640945690359401
6752625033_R06C01,0.703972691201271,0.109571952783566,0.0631828224902084,0.0238181831869872,0.0627917827683026,0.0331035468631159
6752625033_R01C02,0.761462824438785,0.0761549709188202,0.0236555709288157,0.0113199002367119,0.0634060756819607,0.064000657794906
6752625033_R02C02,0.591187350839487,0.0101359929860085,0.152056884385209,0.0289003635380552,0.0760366244239137,0.136683698274496
6752625033_R03C02,0.599760257191077,0.153036840419234,0.058622441161146,0.0637897783293224,0.0735897368658337,0.0512009460333869
6752625033_R04C02,0.522738584219168,0.245550646987867,0.0103515669272524,0.0920740162121781,0.0562947370433455,0.072990448610189
6752625033_R05C02,0.663703415324154,0.0844164948704119,0.117943965152388,0.0294507990943094,0.0567082387349518,0.0477770868237845
6752625033_R06C02,0.572288544193706,0.192645167622079,0.0761185216911933,0.0287363834527043,0.0884900939347973,0.0417212891055204
6752625039_R01C01,0.70353550024017,0.172700111060508,0.0297619006652911,0.0324783369632409,0.0447450536402475,0.0167790974305426
6752625039_R02C01,0.537862055045741,0.157777365488345,0.0492224209056216,0.0450945735701652,0.125755541186209,0.0842880438039191
6752625039_R03C01,0.610116069524447,0.122409869165478,0.0623413961953585,0.0178444755965613,0.0893370843391362,0.0979511051790195
6752625039_R04C01,0.515856660247778,0.240815782825833,0.0292089021130221,0.0727771529558035,0.0856079176872498,0.0520946197441725
6752625039_R05C01,0.659311448305577,0.107419917898475,2.95119624055901e-18,0.0731142626111372,0.0943804621902753,0.0657739089945357
6752625039_R06C01,0.696110858846655,0.122253915942351,0.00617986029962355,0.0413151500111051,0.0911785657537886,0.0429616491464764
6752625039_R01C02,0.699809288731395,0.0865826816447073,0.0495748913504162,0.0254573079480749,0.0916092229488475,0.0469666073765592
6752625039_R02C02,0.671295810515666,0.101573898302351,0.0352302118205451,0.0290847763116739,0.0934184710394758,0.0693968320102884
6752625039_R03C02,0.572860608528543,0.131848554505818,0.0910260561528159,0.0223872566115287,0.124976437087986,0.0569010871133085
6752625039_R04C02,0.717747552341801,0.0991165481994126,0.0489864490664156,0.0192369888628635,0.0565097243142194,0.0584027372152883
6752625039_R06C02,0.65108700616874,0.0663998970614256,0.07812734382656,0.018886479476183,0.0815055376977366,0.0936019761020341
6229017001_R01C01,0.688491090506769,0.149499863780478,0.0242756631900203,0.0235233917399051,0.0749033576740334,0.0393066331087944
6229017001_R02C01,0.631051800349738,0.105656076870905,0.0978194869454216,0.019035162885501,0.0602389643781198,0.0861985085703145
6229017001_R03C01,0.501325290283181,0.18973995828571,0,0.00129969543988859,0.0907914855180241,0.16553370536776
6229017001_R04C01,0.562178154089258,0.153837282511925,0.0770505669071884,0.0524223338668464,0.0764060985724833,0.078105564052299
6229017001_R05C01,0.412724104293378,0.222403196432361,0.123736590994393,0.0688363034792587,0.102425006819573,0.0698747979810361
6229017001_R06C01,0.732967507218835,0.175243475065448,0,0.0204786476804901,0.0290646089709237,0.042245761064303
6229017001_R01C02,0.703232914914254,0.0591045898184614,0.0450266412146413,0.0552019209057256,0.0827497276144629,0.0546842055324544
6229017001_R02C02,0.672776235815511,0.151803473498954,0.0598478510793616,0.0422002289212453,0.0561158387732821,0.00400587851260089
6229017001_R03C02,0.684865318459356,0.162920656541939,0.0133126097689736,0.0505801932344785,0.0516982243803595,0.0245193786784665
6229017001_R04C02,0.562714218134217,0.205125497369569,0.0669462094818975,0.0503358990381855,0.0370853224665096,0.0777928535096213
6229017001_R05C02,0.52826654197531,0.188891505609777,0.105063187086394,0.0308574152178298,0.0912111329874629,0.0557102171232264
6229017001_R06C02,0.388873691734925,0.453648750304438,4.33680868994202e-19,0.0372848381790196,0.0286236107412507,0.0915691090403661
6229017003_R01C01,0.70295482751438,0.129469865802758,0.00966727527280874,0.0430088456475878,0.0453368902510739,0.0695622955113911
6229017003_R02C01,0.561413169092296,0.241418918136409,0.00424107205691495,0.0371743379228414,0.119138766532395,0.0366137362591441
6229017003_R03C01,0.639366329893162,0.15449954691197,0.0364603216158121,0.0572655018155292,0.0840338939188077,0.0283744058447187
6229017003_R04C01,0.746057516035617,0.0990246731776546,0.00772561567774565,0.0129832626711391,0.0637787198118815,0.0704302126259624
6229017003_R06C01,0.677844373819458,0.0992207812280549,0.0201137046828762,0.0234052087238224,0.0923803908429097,0.0870355407028785
6229017003_R01C02,0.562690491821874,0.117428696965627,0.161591669543777,0.02305916666362,0.0481202212172648,0.087109753787837
6229017003_R02C02,0.413702516984462,0.31536488346448,-1.73472347597681e-18,0.10373374504369,0.0871899366700947,0.0800089178372739
6229017003_R03C02,0.602142594064428,0.160437207680083,0.00676366579661516,0.0659886623506858,0.078425167616295,0.0862427024918933
6229017003_R04C02,0.429688743602558,0.241706479883651,0.124788728113995,0.081403899540067,0.06364210925401,0.0587700396057194
6229017003_R05C02,0.662874292755131,0.206531837991185,0.00787746756611848,0.0349697923581047,0.0515859308465188,0.0361606784829426
6229017003_R06C02,0.523422756944662,0.290175780637729,0,0.0314462385551945,0.0493750763691183,0.105580147493296
6229017009_R01C01,0.534793819544551,0.266569748652838,0.0348245892310387,0.0682656627979396,0.0497059490200508,0.0458402307535816
6229017009_R02C01,0.40896500175934,0.275971288955827,0.0935480187623095,0.0945102890844102,0.0521850746791262,0.0748203267589869
6229017009_R03C01,0.583851107011174,0.115093453356949,0.0410925040873879,0.0348056561542896,0.0796851772598694,0.145472102130331
6229017009_R04C01,0.688591653460147,0.113662967661359,0.0291512565021776,0.0330182266605849,0.0570113312156928,0.0785645645000389
6229017009_R05C01,0.425681656524152,0.325510848784679,0.0216807609864985,0.0952310712385399,0.0730606981100343,0.0588349643560973
6229017009_R06C01,0.399427203774058,0.364753493677767,0.0174991813904276,0.116852208992007,0.0573972578541508,0.0440706543115902
6229017009_R01C02,0.508353517892061,0.240949043553026,0.0341718478986031,0.059668129418334,0.0597653334716893,0.0970921277662872
6229017009_R02C02,0.59149683705825,0.198421420063737,0.0620639001598596,0.0377194412205102,0.0551941412546856,0.0551042602429574
6229017009_R03C02,0.5017811213923,0.14193443198897,0.161279623717832,0.0549466154050798,0.0704726700192971,0.0695855374765218
6229017009_R04C02,0.122551672369592,0.150078907165543,0.285917684574923,0.0733753005072811,0.0855464250683818,0.282530010314279
6229017013_R01C01,0.503999275432502,0.24477358906278,0.0528262526984392,0.0695970899286207,0.0348109127614339,0.0939928801162235
6229017013_R02C01,0.677801339311369,0.11502888951919,0.0819058680490966,0.0255297941518155,0.0497789261331257,0.0465627153768186
6229017013_R03C01,0.58496142928368,0.149624076579726,0.0903188853701956,0.0205548751022239,0.0551960959108988,0.0993446377532752
6229017013_R04C01,0.575826275401555,0.147734891844885,0.124415620328843,0.0662280778393157,0.0295752551519469,0.0562198794334549
6229017013_R05C01,0.487760024582686,0.20807159400716,0.0344288955367632,0.0568773466046592,0.0626134742547908,0.150248665013941
6229017013_R06C01,0.670429201888905,0.141955573282132,0.0394978482130585,0.0699748502107953,0.0505139617226049,0.027628564682505
6229017013_R01C02,0.627342755363855,0.221783894500352,0.0245878791438973,0.0549178957113009,0.0505430648935612,0.0208245103870345
6229017013_R02C02,0.638227852983599,0.160701323697331,0.0983438583298466,0.0339332231563996,0.0373323537700865,0.0314613880627371
6229017013_R03C02,0.692684220267827,0.140909884385084,0.0166467701958088,0.0193172054362761,0.111664414804184,0.0187775049108197
6229017013_R04C02,0.617100997983847,0.109720712457273,0.0530840599236779,0.0613402725086452,0.0830998901486336,0.0756540669779231
6229017013_R05C02,0.681413595978133,0.136135193574838,0.00542795146710411,0.0321255972264679,0.10066617594984,0.044231485803617
6229017014_R01C01,0.724579227774141,0.128875581695698,0.0265714939918912,0.0283696828108181,0.0719001791973784,0.0197038345300731
6229017014_R03C01,0.620878393639597,0.124289687458276,0.0338490867653628,0.0327986743159516,0.102480101689105,0.0857040561317074
6229017014_R04C01,0.543281332116759,0.182920788608929,0.0977883329685691,0.0602296545191957,0.0963751248005508,0.0194047669859963
6229017014_R05C01,0.540487482446491,0.26449547394004,0.0232552088131977,0.0392055136237877,0.0436126410799962,0.0889436800964874
6229017014_R06C01,0.431873592399528,0.2731503845216,0.162665392175868,0.0286818712636145,0.0790376537941742,0.024591105845216
6229017014_R01C02,0.642980830704828,0.149883480522233,5.39772674224089e-20,0.0054828235392225,0.129095794495967,0.0725570707377497
6229017014_R02C02,0.630443517368082,0.165738546865606,0.106057462814264,0.025850223232826,0.055797022999515,0
6229017014_R03C02,0.723519595603148,0.169899799243568,0.0284139042965646,0.0379613422536241,0.0402053586030956,0
6229017014_R04C02,0.636397076264044,0.225703698631529,0,0.0232680379960561,0.0738904674138608,0.0407407196945104
6229017014_R05C02,0.493739953159691,0.184343416406458,0.0876858676425549,0.0432958072113968,0.141307109765747,0.0496278458141532
6229017014_R06C02,0.551433767480443,0.184990346357302,0.0764948609197638,0.0417620073481358,0.0673584007915793,0.077960617102776
6229017025_R01C01,0.479860042228306,0.262029550674702,0.0706369417348013,0.0782192333946774,0.0467629523572077,0.0624912796103054
6229017025_R02C01,0.510584648169928,0.201069492590332,0.0411858431838509,0.0554493522411871,0.144110705070961,0.0475999587437409
6229017025_R03C01,0.828016333743204,0.0872982169515642,0.00153100085216344,0.0190664932434648,0.0506036326288806,0.0134843225807234
6229017025_R05C01,0.611869127943334,0.208781770630134,0.0213655440046358,0.0587506935033311,0.0541100631820113,0.0451228007365534
6229017025_R06C01,0.540830465074983,0.291719137358018,2.85731939282806e-18,0.0533850947528773,0.0594677734904038,0.0545975293237181
6229017025_R02C02,0.682178706398792,0.153189782365102,0.0426186894711786,0.0482598902091902,0.0486715541232245,0.025081377432512
6229017025_R03C02,0.592175829484279,0.217729474730201,0.0220525450878393,0.0309679870199014,0.0835276996201496,0.0535464640576292
6229017025_R04C02,0.631916889496745,0.131270550136276,0.0663536243807717,0.0173399201510506,0.118315406933633,0.034803608901523
6229017025_R05C02,0.569031263063705,0.220649325849288,0.0954066142517995,0.0462387008194388,0.0577481001109808,0.00898109005201977
6229017025_R06C02,0.488348138052265,0.157576727063223,0.111756116603664,0.0706630993192703,0.103488944794616,0.0681669741669623
5815284001_R01C01,0.686828637022143,0.198300488601276,0.0284630993205194,0.0357965567977114,0.0482745051884657,0.00233671306988536
5815284001_R02C01,0.790154988620931,0.0812757523116693,0.00781801998987702,0.0208150826425142,0.0653495426595528,0.0274645032921482
5815284001_R03C01,0.713054859211524,0.146962587436235,0.0527086949634833,0.0486816714118521,0.0367619540613859,0.00183023291551971
5815284001_R04C01,0.736126616368906,0.111689707508169,0.0335896707659632,0.0233948470133467,0.0634261454788176,0.0277130657134287
5815284001_R05C01,0.674409419078335,0.175848535682887,0.0270581235516206,0.0217247257062114,0.0392198754871963,0.0617393204937505
5815284001_R06C01,0.367333104777551,0.296438302800191,0.118230261586249,0.0761435817030466,0.067835526889732,0.07401922224323
5815284001_R01C02,0.632214922799097,0.121627368520707,0.0413590983387095,0.0319244652150584,0.0913729249591489,0.0815012201672797
5815284001_R02C02,0.710738091879871,0.129887968537698,0.0291513064219893,0.022680506594854,0.084737931490655,0.0203828239003829
5815284001_R03C02,0.67243955024507,0.123233901739238,0.0692949211767452,0.0455010691093417,0.0551906874036165,0.0343398703259889
5815284001_R04C02,0.597448293238762,0.145011206539891,0.0437090759553305,0.10998146439952,0.0655312062617235,0.0173302584837982
5815284001_R05C02,0.67111972215644,0.0965295601378641,0.0992646224955944,0.0536626717176022,0.058375373008971,0.0210480504835281
5815284001_R06C02,0.752170417632418,0.0597112312043297,0.0839195435091803,0.0375789206848519,0.0206020950537762,0.0460177919154437
5815284002_R01C01,0.540495279732686,0.197755912312275,0.108166955378193,0.0610668917507998,0.0344307295557823,0.0580842312702643
5815284002_R02C01,0.59672558351832,0.167447703288905,0.119563221138131,0.0328415738766813,0.050294120489223,0.0331277976887396
5815284002_R03C01,0.822018953997952,0.0943750686229807,0.00198739984974384,0.0375098625286654,0.0285443475106944,0.0155643674899641
5815284002_R04C01,0.659264225076171,0.159988875940536,0.0363514686870448,0.0135626653598972,0.079466970844293,0.0513657940920585
5815284002_R05C01,0.733894036208042,0.0794442144697774,0.0810434871309794,0.036147480263271,0.067643875242754,0.00182690668517601
5815284002_R06C01,0.85605179538048,0.0347218331485972,2.21946242824561e-18,0.0195188290399239,0.0541045295371383,0.0356030128938602
5815284002_R01C02,0.704092861758951,0.0951579837312303,0.0474990211357005,0.0313182002993298,0.0809468256312071,0.040825342173181
5815284002_R02C02,0.67641463433481,0.189323939245657,0.0354511657809672,0.0449018549787749,0.0539084056597918,0
5815284002_R03C02,0.546823208722165,0.055588014760843,0.220763726283872,0.0523053303334816,0.0365516227786889,0.0879680971209499
5815284002_R04C02,0.66563387507658,0.133870023915867,0.039930543932651,0.056822386324513,0.0848162255688221,0.0142873145759306
5815284002_R05C02,0.55309358814461,0.14313782787396,0.0689006992922931,0.0515428086009582,0.081124879306062,0.102200196782116
5815284007_R01C01,0.833369168014442,0.0502638596086658,0.0104180265960375,0.00208994448372054,0.0805805256976909,0.00721372650647072
5815284007_R02C01,0.50522470937075,0.168589403476124,0.0789844097301217,0.101396011501812,0.10211236061439,0.0436931053068032
5815284007_R03C01,0.614714720613057,0.140768073674159,0.107841376155631,0.00916116743269813,0.0625795859762586,0.0575285807188157
5815284007_R04C01,0.617392013984322,0.0395428444587031,0.185368739211865,0.0379702762851777,0.0994675139428945,0.0202586121170378
5815284007_R05C01,0.614127628086308,0.193875421298202,0.0801183944441002,0.020884785526557,0.0617738660955148,0
5815284007_R06C01,0.680635263488554,0.115269066098792,0.0309171312594266,0.00926521333769043,0.108274740917787,0.0556385848977502
5815284007_R01C02,0.578119331290069,0.167038768175839,0.064888326534061,0.112211497225547,0.0417399988990313,0.0231470552277874
5815284007_R02C02,0.659506805495319,0.0975452277166961,0.0690538166720786,0.0227199278641682,0.102012546730285,0.0472069145206986
5815284007_R03C02,0.832541227019696,0.0673580711226315,0.0367076738492376,0.0297005223263714,0.0336925056820637,-8.67361737988404e-19
5815284007_R04C02,0.563616778432076,0.121653169022521,0.0891811495152965,0.0493203257145048,0.0712579418492166,0.10397099161796
5815284007_R05C02,0.718507400235855,0.133895086344047,0.00156595129927087,0.0268118512696516,0.0782069087219282,0.0410128021292467
5815284007_R06C02,0.633643336186747,0.196294403180316,0.0105265422712418,0.0299550852392911,0.0647120363754399,0.0423197545720609
5815284008_R01C01,0.72921169251905,0.143104368517304,0.0281562318304397,0.0263251808930553,0.0303077947221743,0.0428947315179765
5815284008_R03C01,0.672222741301663,0.179631761565139,0,0.0113372657151572,0.050885490729683,0.0763725072607748
5815284008_R04C01,0.624170759826952,0.142068439783605,0.028577343455416,0.0622943412003293,0.0783638278917397,0.0645252878419579
5815284008_R05C01,0.620812765286966,0.104126378388182,0.153520001267992,0.0268390264662009,0.0623313670388886,0.0323704615517699
5815284008_R06C01,0.584569938881337,0.208266850293354,0.0615482236039736,0.0430290203141362,0.0444409002258,0.0581450666813995
5815284008_R01C02,0.710220263461603,0.120313472705726,7.27263903073027e-18,0.0208188629630136,0.0990282611727334,0.0496191396969236
5815284008_R02C02,0.661668336763703,0.152485089569565,0.044146849407448,0.0183747446755657,0.0663706356723514,0.0569543439113666
5815284008_R03C02,0.696437576753798,0.119401409971826,0.0440735496290025,0.0258411410287668,0.0772170883559566,0.0370292342606494
5815284008_R04C02,0.775476292482204,0.0844605891661521,3.06497156356172e-18,0.0121227801679738,0.113893233207648,0.0140471049760221
5815284008_R05C02,0.696518256093891,0.110049281016328,0.0724551332887604,0.00874654352685731,0.0704641804910875,0.0417666055830761
5815284008_R06C02,0.707676845700433,0.123083691770242,0.00683171214318293,0.0252185453862922,0.045200423014692,0.0919887819851579
5815284009_R01C01,0.601958290011902,0.142733015563534,0.120034952488955,0.0668349841476889,0.0517683853585282,0.0105519796369754
5815284009_R02C01,0.560855894043918,0.159400410603996,0.0771512853377265,0.0586280816251463,0.0603865531379864,0.0835777752512265
5815284009_R03C01,0.600230203859162,0.149206890996804,0.0959628476437247,0.0340586059838317,0.0744377077277329,0.0461037437887442
5815284009_R04C01,0.51814764010785,0.11874408287832,0.181416695256717,0.0452639003588712,0.0898125733169955,0.0457225387552597
5815284009_R05C01,0.791309247813052,0.0881768251962015,0.0382975930955369,0.0183634815762046,0.0487144039056773,0.0151384484133276
5815284009_R06C01,0.513333498878193,0.35457361553149,0.00358865297867063,0.0576177884391871,0.0587606085464388,0.0121258356260206
5815284009_R01C02,0.438748516632096,0.122475560690411,0.0558417010220757,0.23898791512164,0.0762980812291067,0.0596330064520603
5815284009_R02C02,0.602088014671965,0.0737408535699211,0.0607386699363499,0.0933868823240653,0.10764219017517,0.0624033893225285
5815284009_R03C02,0.673116881040424,0.12357081613151,0.0626135979551812,0.0461881379522522,0.0552363488622121,0.0392742180584203
5815284009_R04C02,0.50931120731813,0.0503884694016088,0.185369016543365,0.0194620005904397,0.109268821540743,0.126200484605713
5815284009_R05C02,0.602582909722261,0.226153889936956,0.0622636273767605,0.048865468248891,0.0525807441700967,0.00685844471783462
5815284009_R06C02,0.690169981130129,0.124986834619074,0.0484781301652764,0.0216948303724868,0.0420032107291039,0.0726670129839302
5815284010_R01C01,0.488130555316865,0.233481629432964,0.0763503036087733,0.0601498524543719,0.0869516962758236,0.0549359629112023
5815284010_R02C01,0.442391496457233,0.20237269741048,0.0372366487299276,0.0565164570052181,0.130891714052315,0.130590986344827
5815284010_R03C01,0.502191088608226,0.162681333259569,0.142013266022082,0.0307766065235786,0.0457953145921353,0.110786256154673
5815284010_R04C01,0.561969161068882,0.135064766920395,0.0852899106310672,0.0488888822184741,0.0795259396261381,0.0892613395350437
5815284010_R05C01,0.45837277689313,0.270556595386157,0.0283048762952152,0.0614509102212676,0.0682158944765467,0.113098946727684
5815284010_R06C01,0.788724832822651,0.0940604530383492,0.00299341978872322,0.0456198979484844,0.0433420083060536,0.0252593880957387
5815284010_R01C02,0.565512763719936,0.273584967174968,0.0400776863921554,0.0606201953103301,0.0435714891645013,0.0166328982381097
5815284010_R02C02,0.447488961667421,0.258773410399279,0.136022524807392,0.0539545345737702,0.0260013306936689,0.0777592378584688
5815284010_R03C02,0.563357945432765,0.188048375778928,0.0341587602117531,0.0430841780586699,0.0917777822291242,0.0795729582887605
5815284010_R04C02,0.654631029262561,0.143047913897338,0.0247332768033186,0.0326122599579193,0.0907978921509594,0.054177627927904
5815284010_R05C02,0.653960154580208,0.180644845740056,0.0091297112687986,0.0216228727040556,0.0780139806097792,0.0566284350971032
5815284010_R06C02,0.434945721686655,0.291556693108844,0.103136146426742,0.0370794137442166,0.04631456737168,0.086967457661863
5815284015_R02C01,0.584843725143459,0.108532036359228,0.161612314138458,0.0597732647345429,0.0458976719318194,0.0393409876924931
5815284015_R03C01,0.678713763959422,0.124425155413617,0.0460307636287379,0.0143893070052323,0.0648412164153694,0.0715997935776214
5815284015_R04C01,0.662327351742017,0.106812514217556,0.0263012447050997,0.0534452754683376,0.0997422096355541,0.0513714042314361
5815284015_R05C01,0.754779827180794,0.0747894812470766,0.0272716543937736,0.0239764011574844,0.0788257527410381,0.0403568832798329
5815284015_R06C01,0.73980638369991,0.133328816769853,1.01346965192074e-17,0.0413980922057175,0.0837242698712234,0.00174243745329566
5815284015_R01C02,0.663723898384599,0.126511234706445,0.0141288546599455,0.0277173865518912,0.0839947282719954,0.0761089595184632
5815284015_R02C02,0.592416273884664,0.233730585820252,0.0351149705566006,0.0439851724681725,0.0621180668624633,0.0251976536502249
5815284015_R03C02,0.669530755521306,0.120590681783394,0.0286536053660649,0.030036551970947,0.120969516428435,0.0302188889298539
5815284015_R04C02,0.67223772401847,0.16167572170767,0.0740673298309464,0.0318373112810469,0.0530957998978686,0.00708611326399741
5815284015_R05C02,0.729047343204251,0.133974270707759,0.0363774285713106,0.00433105428358659,0.0803689405964757,0.0159009626366172
5815284018_R01C01,0.59261143289511,0.201479156895262,0.0526131568316372,0.0568865238176363,0.078422740258216,0.0179869893021383
5815284018_R02C01,0.645140990971217,0.115008185811298,0.0762326442133482,0.0318464268180987,0.0611999389001462,0.0666478983296572
5815284018_R03C01,0.748922693170605,0.0814573539602273,0.0493539387974216,0.034217225753086,0.069540579843355,0.0165082084753055
5815284018_R04C01,0.71503354711463,0.0288962677640159,0.0171562038944887,0.0745539412675671,0.108568590327531,0.0557914496317672
5815284018_R06C01,0.648098891052176,0.23963691815757,0.0340106740000545,0.0146965535515865,0.0447298228009907,0.0188271404376223
5815284018_R01C02,0.393975485196864,0.196462715979696,0.220136552823273,0.0330724275787055,0.0631016635338394,0.0932511548876216
5815284018_R02C02,0.524659789618394,0.11193167361735,0.0711963035903002,0.0565796260287382,0.0896588787285273,0.14597372841669
5815284018_R03C02,0.592420652243476,0.114655704256856,0.125599114232714,0.0603340807736844,0.10373556439032,0.0032548841029497
5815284018_R05C02,0.693010161840665,0.130806859580925,0.0240684740094769,0.035600284440723,0.0874163576306376,0.0290978624975732
5815284018_R06C02,0.652489163184347,0.175377875525799,0.0612803910891772,0.02485282502918,0.0752896741437675,0.010710071027729
5815284003_R01C01,0.515300420233362,0.268325766836567,0.0873749487689432,0.0643320990392642,0.0260771984741776,0.0385895666476851
5815284003_R02C01,0.569040788011613,0.182106076852721,0.0922642993260489,0.0645834931626272,0.0694241789675468,0.0225811636794424
5815284003_R03C01,0.84986928239355,0.0693295377811118,1.85120951028054e-18,0.0124405834369511,0.0578659098309075,0.0104946865574794
5815284003_R05C01,0.640994107482902,0.117174774916725,0.0569699366962465,0.0204011018777902,0.100059375963564,0.0644007030627729
5815284003_R06C01,0.62425970923236,0.154593394526473,0.0695701813353585,0.0360020547723207,0.059018627697874,0.0565560324356139
5815284003_R01C02,0.709421981579714,0.10928593349025,0.0508669909280865,0.0216607307508493,0.0641968768177933,0.0445674864333064
5815284003_R02C02,0.517300775905878,0.22888474182972,0.0174954553871583,0.0537083202513857,0.131548443844992,0.0510622627808661
5815284003_R03C02,0.814769665526752,0.0670458494606928,0.0237825927583328,0.026677666425767,0.0415826902306576,0.0261415355977982
5815284003_R04C02,0.666389285452764,0.250675390816327,0.00946801168439394,0.0405456595111595,0.0232363913992166,0.00968526113613978
5815284003_R05C02,0.735751119252787,0.0907992090022681,0.0418282758281859,0.027991963986495,0.0929976799748934,0.0106317519553707
5815284003_R06C02,0.627563516614627,0.183005768003547,0.0539321012037132,0.0337175281716495,0.0501889404350638,0.0515921455713997
5815284011_R01C01,0.764653077436986,0.0944289094126984,0.00327045030748314,0.0426007213407301,0.0551886446261654,0.0376773419149194
5815284011_R02C01,0.798247474699097,0.0661348618159776,0.00683802406227758,0.0143171026727932,0.10281019123548,0.00529455545394927
5815284011_R05C01,0.726409405333979,0.143082172195328,0.0346684000639306,0.0323131290988086,0.0174345775256127,0.0460923157823404
5815284011_R06C01,0.733814593838237,0.0756984032517712,0.124623223308812,0.00861369259428242,0.042822361383381,0.0144277256235163
5815284011_R01C02,0.602030301280735,0.14775413233399,0.0851585813905435,0.0160049221103746,0.0926844575637774,0.0563676053205793
5815284011_R02C02,0.523050830722256,0.16478452695666,0.085905507203447,0.0375567780387075,0.0518334450559103,0.136868912023019
5815284011_R03C02,0.80075827485843,0.0696733837784752,0.0278699301849398,0.0172422324217422,0.0572020824783765,0.0272540962780358
5815284011_R04C02,0.731385777652402,0.128362186326261,0.0406375316351183,0.0147188686508547,0.071150616331402,0.0137450194039612
5815284011_R05C02,0.580651522089921,0.0427424145426695,0.183332971135737,0.0355515050296284,0.073181862486463,0.0845397247155818
5815284011_R06C02,0.559710958376966,0.123318495595097,0.112404005304423,0.0746291070645681,0.0835125759887509,0.0464248576701957
5815284013_R01C01,0.649782308443925,0.169135729834168,0.0299210181936878,0.0612702245196965,0.0728378769705002,0.0170528420380226
5815284013_R02C01,0.741881333180609,0.0543673129722707,0.0756520863435692,0.0163962940203907,0.0659200175211377,0.045782955962023
5815284013_R03C01,0.590607433140508,0.188099960322164,0.00948932154440176,0.0525278945504614,0.0311920207845726,0.128083369657892
5815284013_R04C01,0.69343384180053,0.112563282377057,0.0925659049282805,0.0138577663351929,0.0692139953456276,0.0183652092133125
5815284013_R05C01,0.611438428184417,0.112434485340488,0.0952628811412784,0.0408345100176813,0.0699942247694706,0.0700354705466652
5815284013_R06C01,0.580056579483927,0.224409908194898,0.04761036392527,0.0668107204245552,0.0556548944726877,0.025457533498662
5815284013_R01C02,0.66163803952701,0.073758436111205,0.0934840484736761,0.0206221962772469,0.0984475737718474,0.0520497058390147
5815284013_R02C02,0.66359203006164,0.125115073847037,0.0512078346160913,0.0347737753225923,0.0703684109234816,0.054942875229158
5815284013_R03C02,0.643655876974165,0.125930663702468,0.0756804013474284,0.0467436604565064,0.0640958701342236,0.0438935273852093
5815284013_R04C02,0.519246553572511,0.0861009434156562,0.106411712992634,0.036281818255646,0.0862957017148952,0.165663270048658
5815284013_R05C02,0.788338022757497,0.0924373262396423,0.0357856742177819,0.00864812866625872,0.0537780529826476,0.0210127951361729
5815284013_R06C02,0.806947892053379,0.109415345904601,0.00184606306741168,0.0119175472485917,0.0610048385667402,0.00886831315927688
5815284016_R02C01,0.66887278505726,0.147587451013754,0.0452894817292926,0.0259096649530302,0.0616358294529517,0.050704787793711
5815284016_R03C01,0.747904900899215,0.13448821534061,0.0284840761032759,0.0279705810680246,0.0457318252273896,0.0154204013614853
5815284016_R04C01,0.745906657021672,0.090481534949403,0.0389791834559326,0.031184030574118,0.0528121527543206,0.0406364412445538
5815284016_R05C01,0.59638451704449,0.164389095906665,0.0951094452489807,0.0590487352992185,0.0850682065006452,0
5815284016_R06C01,0.799771572863452,0.112213003512335,0.0163041785248231,0.0117826374785868,0.0512259915147026,0.00870261610610048
5815284016_R01C02,0.748375176462372,0.110260068392872,0.0177527137239939,0.0295850721184396,0.0631417435594895,0.0308852257428334
5815284016_R02C02,0.651754131633909,0.0860253770942195,0.0918369514780788,0.0221059411487994,0.0855260189797346,0.0627515796652584
5815284016_R03C02,0.712804068238439,0.112803038733563,1.25740712728928e-18,0.0380404714474785,0.0637591329272223,0.0725932886532978
5815284016_R04C02,0.771554427254661,0.0733905136195022,0.00862167386635566,0.0248819477995892,0.0897301565372175,0.0318212809226749
5815284016_R05C02,0.640535844684283,0.145903345400451,0.0951813078150389,0.0591010977998862,0.0189258035950936,0.0403526007052464
5815284016_R06C02,0.530851713776749,0.260757478558278,0.0324677400290018,0.0545595296820954,0.0465925959531873,0.0747709420006885
5815284017_R01C01,0.717677995207,0.112526243871448,0.0159334227908924,0.0156388953612892,0.100320644445277,0.0379027983240928
5815284017_R02C01,0.668956885529843,0.147870489781182,0.0729312704433986,0.0335462757781267,0.0573386227908329,0.0193564556766159
5815284017_R03C01,0.579920749044363,0.230918729361059,0.0562143117434431,0.0605113945911994,0.0405372544939239,0.0318975607660117
5815284017_R04C01,0.741396913121664,0.11248418708164,0.0336413820902406,0.0164976720320353,0.0762080158274744,0.0197718298469457
5815284017_R05C01,0.565947641287251,0.182637378722345,0.0483736910554303,0.0772966625453395,0.0732406385633077,0.052503987826327
5815284017_R06C01,0.55305377992211,0.246968160327563,0.105752905492739,0.0255240406649258,0.0617792091093011,0.00692190448336166
5815284017_R01C02,0.698068024613373,0.132899057689908,0.0730909589146801,0.0318939148174625,0.0420424482942782,0.018736734163222
5815284017_R02C02,0.62153543734744,0.19429450923691,0.0667371655140635,0.0568683892286134,0.0365924213823539,0.0239720772906186
5815284017_R04C02,0.694965983780315,0.0921869947866374,0.0127018489856163,0.0186573132599987,0.0903897374773989,0.0910981217100337
5815284017_R05C02,0.743189070005916,0.118112904844953,0.0516940752133096,0.00940097361413461,0.0539887683255466,0.0236142079961401
5815284017_R06C02,0.736166939787919,0.150217367407097,0.0295331640599181,0.0207720411117427,0.0426245953992878,0.0206858922340349
5815284021_R03C01,0.595033943512722,0.180107812695977,0.0793945104307923,0.0478402070402573,0.0313917679922796,0.0662317583279721
5815284021_R04C01,0.620938427074558,0.15147792628827,4.33971074244441e-18,0.0305958991201594,0.0550244156807322,0.14196333183628
5815284021_R05C01,0.808828808968761,0.0851650793474422,0.013552392227442,0.0223750797460737,0.0452890209432567,0.024789618767024
5815284021_R06C01,0.664215170528892,0.176464852308899,0.0462813518003138,0.0378689662050363,0.0405402135047528,0.0346294456521061
5815284021_R02C02,0.688454832812497,0.102482298137171,0.076256427082412,0.00610616837473158,0.100780428352864,0.0259198452403245
5815284021_R03C02,0.540379730326101,0.159705179733808,0.112519321923009,0.0950675202108697,0.0665495718869136,0.0257786759192989
5815284021_R04C02,0.663602331808171,0.0909297353933762,0.152774339043166,0.0208331642488193,0.0504887876783057,0.0213716418281613
5815284021_R05C02,0.681876395235194,0.18998181040129,0.020313658259865,0.0211953231230051,0.0663435071366659,0.0202893058439791
5815284021_R06C02,0.691645365306896,0.122898021713696,0.0843684367332192,0.0202560344969476,0.0808321417492408,0
5815284022_R02C01,0.721062237828324,0.136608766655323,0.0107968535618855,0.0312482416526874,0.0855016735564624,0.0147822267453179
5815284022_R03C01,0.701159752187495,0.128982998500274,0.0687308504841398,0.034111633849147,0.0597036317671478,0.00731113321179594
5815284022_R04C01,0.563543045498458,0.176373626745685,0.173539541745907,0.0549979733497047,0.0173250377350352,0.0142207749252096
5815284022_R05C01,0.599580107105292,0.193379012771204,0.0966841782173114,0.0291106092546075,0.0632306768176826,0.0180154158339026
5815284022_R06C01,0.57950850006999,0.0924067446937711,0.132389713201202,0.0803584494299376,0.0703595151488997,0.0449770774561999
5815284022_R01C02,0.74265295087996,0.135066347439145,0.0302913107173892,0.03775444668697,0.0364717247586663,0.017763219517869
5815284022_R02C02,0.707857987286939,0.1300415075091,0.0319948291986684,0.0332284207172488,0.0694200726657712,0.0274571826222717
5815284022_R03C02,0.518930449567289,0.224339170410177,0.0417913934597172,0.0436845079429174,0.0910709447031115,0.0801835339167876
5815284022_R04C02,0.657494652636218,0.134421278626963,0.021213289810307,0.0383838693152003,0.0771120732333727,0.0713748363779395
5815284022_R06C02,0.724072154001152,0.11993896720437,0.0170657110102829,0.00960261916143549,0.0932461508548557,0.0291450243170262
5815284023_R01C01,0.647651362622067,0.100192766085467,0.0692690801014519,0.0900080210734486,0.0599574980921123,0.0329212720254533
5815284023_R02C01,0.385079214855714,0.238037108278287,0.198730802248429,0.0988404701940772,0.0266404408107203,0.0526719636127733
5815284023_R05C01,0.71729508512585,0.0690962196415762,0.093951540164273,0.0381606764772586,0.065770073080099,0.0157264055109428
5815284023_R06C01,0.614132006708684,0.167779587813161,0.0986058045561938,0.0365435486210427,0.0494591103186616,0.0334799419822562
5815284023_R01C02,0.626855269897107,0.14087062779346,0.09586098771961,0.050195446069265,0.0646190530808602,0.0215986154396973
5815284023_R02C02,0.70332190739419,0.141407200467255,0.0650968270717905,0.0442394653651976,0.0302830696472371,0.01565153005433
5815284023_R03C02,0.708162401876366,0.057649961439427,0.0966474939455265,0.0523254509449292,0.0661869537423098,0.019027738051441
5815284023_R04C02,0.556594718001274,0.222807782174376,0.0895798414232834,0.0376344785186128,0.0664765161613053,0.0266240012974711
5815284023_R05C02,0.685349628534613,0.144448657890581,0.0724543339883767,0.0382663825766007,0.0594809970098291,0
5815284023_R06C02,0.721930505835769,0.0606350905469807,0.0264744273854397,0.114039771926613,0.0542172265623259,0.0172089295814836
